,num_comments,title,timedelta_since_post,time_since_post,comments_per_minute,story_datetime,url,recent_comments_per_minute
0,297,Climate Change Tracker,0 days 10:09:29.194326,10h9m,0.48729798463179197,2023-09-03 08:53:21,https://news.ycombinator.com/item?id=37370900,3.9974042829331604
1,405,The boiling frog of digital freedom,0 days 16:19:38.451169,16h19m,0.41341998706999217,2023-09-03 02:49:37,https://news.ycombinator.com/item?id=37368824,4.729960204661739
2,139,Tesla FSD Beta tried to kill me last night,0 days 06:02:50.303049,6h2m,0.3830960036747818,2023-09-03 12:52:58,https://news.ycombinator.com/item?id=37373182,1.5934168692724893
3,68,Foxconn's promise to invest $10B in Wisconsin is now a distant memory,0 days 02:57:53.202265,2h57m,0.382273025391174,2023-09-03 15:54:20,https://news.ycombinator.com/item?id=37374966,0.807633327653774
4,101,"Shorts risks cannibalising core YouTube business, say senior staff",0 days 05:08:30.181266,5h8m,0.3273905996758509,2023-09-03 13:45:23,https://news.ycombinator.com/item?id=37373710,1.0790990047145101
5,191,Harry Browne’s Rules of Financial Safety (1999),0 days 10:17:09.809982,10h17m,0.30948715871344085,2023-09-03 08:47:02,https://news.ycombinator.com/item?id=37370858,2.5273590749535413
6,198,Sag-AFTRA votes unanimously to expand its strike to include the games industry,0 days 11:48:59.528533,11h48m,0.2792731375913867,2023-09-03 07:17:03,https://news.ycombinator.com/item?id=37370170,1.9367148990300525
7,140,SF Fire Dept.: Person Dies After Cruise Robotaxi Blocked Ambulance,0 days 08:49:21.549497,8h49m,0.26447529989609897,2023-09-03 10:10:08,https://news.ycombinator.com/item?id=37371539,1.667605633802817
8,100,Microsoft Edge is starting to annoy me big time,0 days 06:23:17.733190,6h23m,0.2609035961212332,2023-09-03 12:33:11,https://news.ycombinator.com/item?id=37372961,1.1632542127196956
9,152,I don’t want to grow my freelance design studio into an agency,0 days 09:44:56.197391,9h44m,0.2598586733530887,2023-09-03 09:16:54,https://news.ycombinator.com/item?id=37371084,1.9795364376696598
10,75,Google preemptively banned hundreds of millions of 'pirate' URLs last year,0 days 05:51:46.174984,5h51m,0.21320951388230835,2023-09-03 13:03:23,https://news.ycombinator.com/item?id=37373280,0.8102564102564103
11,82,Negative impact of vegetarian and vegan labels,0 days 06:27:56.143923,6h27m,0.2113765251761471,2023-09-03 12:29:02,https://news.ycombinator.com/item?id=37372914,1.0946555054732774
12,48,RadioShack’s new owner plots old comeback strategy,0 days 03:57:17.531351,3h57m,0.20228980824611928,2023-09-03 14:55:34,https://news.ycombinator.com/item?id=37374479,1.7964071856287427
13,62,Ask HN: Why is home property information so public?,0 days 05:11:16.926924,5h11m,0.19918612122510174,2023-09-03 13:43:05,https://news.ycombinator.com/item?id=37373679,0.7883391500718538
14,57,Vector Search with OpenAI Embeddings: Lucene Is All You Need,0 days 05:15:56.705369,5h15m,0.18041780966448617,2023-09-03 13:38:46,https://news.ycombinator.com/item?id=37373635,2.376650451702571
15,58,Historians have an increasingly strong incentive to tell dramatic stories,0 days 05:54:34.903855,5h54m,0.1635799567547241,2023-09-03 13:00:56,https://news.ycombinator.com/item?id=37373257,0.697151424287856
16,13,"Bigger, better, faster, more",0 days 01:24:04.090355,1h24m,0.15463917525773196,2023-09-03 17:27:48,https://news.ycombinator.com/item?id=37375631,0.2598064187468161
17,73,"Da Vinci robot surgeon removes inoperable tumor, saving patient’s life",0 days 07:53:23.533774,7h53m,0.1542090624229835,2023-09-03 11:04:54,https://news.ycombinator.com/item?id=37372002,1.2430939226519337
18,82,"California tech transplants unhappy with exodus to Austin, report says",0 days 08:56:23.246306,8h56m,0.15287574185128794,2023-09-03 10:03:47,https://news.ycombinator.com/item?id=37371477,1.2399708242159009
19,69,Paris Becomes the First European Capital to Ban Rented Electric Scooters,0 days 08:21:34.973054,8h21m,0.13756895062138633,2023-09-03 10:37:29,https://news.ycombinator.com/item?id=37371767,0.0
20,52,"Tesla (TSLA) tumbles on price cuts, “appreciating asset” dream going away",0 days 06:41:47.238549,6h41m,0.12942298917326917,2023-09-03 12:15:36,https://news.ycombinator.com/item?id=37372754,0.0
21,65,Vale.sh – A Linter for Prose,0 days 09:02:16.959491,9h2m,0.11986722399803296,2023-09-03 09:58:18,https://news.ycombinator.com/item?id=37371426,1.3878645658732818
22,54,"USPS Isn't Paying 45,000 Rural Postal Workers This Week",0 days 07:32:21.960610,7h32m,0.11937658892450535,2023-09-03 11:25:36,https://news.ycombinator.com/item?id=37372188,0.0
23,108,The curious case of hybrids in watchmaking,0 days 15:50:00.592446,15h50m,0.11368421052631579,2023-09-03 03:18:43,https://news.ycombinator.com/item?id=37368929,1.0634869481147275
24,32,How to write correct code by construction using the Coq Proof Assistant,0 days 04:43:20.501452,4h43m,0.11294117647058824,2023-09-03 14:10:00,https://news.ycombinator.com/item?id=37373983,0.44991347817727356
25,71,Pesticide safety limit for salmon farms watered down after industry lobbying,0 days 11:10:17.040052,11h10m,0.10592535494939952,2023-09-03 07:55:12,https://news.ycombinator.com/item?id=37370453,2.0300751879699246
26,49,Air quality double whammy from domestic firelighters,0 days 08:08:36.490823,8h8m,0.10028653295128939,2023-09-03 10:50:11,https://news.ycombinator.com/item?id=37371876,0.0
27,52,What are emerging/promising areas of tech to get into today?,0 days 09:40:26.644164,9h40m,0.08958823867225636,2023-09-03 09:20:48,https://news.ycombinator.com/item?id=37371112,0.0
28,66,The Raft Consensus Algorithm (2015),0 days 12:44:45.525871,12h44m,0.08630271330500164,2023-09-03 06:22:35,https://news.ycombinator.com/item?id=37369826,0.9111514052583862
29,11,Invented tradition,0 days 02:14:20.020492,2h14m,0.08188585607940446,2023-09-03 16:37:43,https://news.ycombinator.com/item?id=37375277,0.13683010262257697
30,61,Jetbrains are offering 65% off Rider personal licenses for 65 hours,0 days 12:27:15.037741,12h27m,0.08163265306122448,2023-09-03 06:39:46,https://news.ycombinator.com/item?id=37369946,0.0
31,45,Ask HN: Why there is a labour shortage in Germany?,0 days 09:42:09.740983,9h42m,0.07729966503478486,2023-09-03 09:19:19,https://news.ycombinator.com/item?id=37371104,0.0
32,61,The pandemic your grandparents forgot about,0 days 13:40:49.538463,13h40m,0.07431622977116287,2023-09-03 05:27:06,https://news.ycombinator.com/item?id=37369521,0.0
33,21,Low-latitude oceans have become greener in the past 20 years: study,0 days 04:52:45.645978,4h52m,0.07173356105892399,2023-09-03 14:00:49,https://news.ycombinator.com/item?id=37373879,0.9859154929577465
34,20,The Containment of George Kennan (2022),0 days 04:40:08.225680,4h40m,0.07139457401237506,2023-09-03 14:13:06,https://news.ycombinator.com/item?id=37374013,0.29345832484206236
35,38,Show HN: Extract an RSS feed from almost anything,0 days 09:23:30.738085,9h23m,0.06743566992014197,2023-09-03 09:37:29,https://news.ycombinator.com/item?id=37371237,0.8729388942774007
36,4,Ask HN: Has anyone noticed how hard it is for ChatGPT to obey all instructions?,0 days 01:00:51.637184,1h0m,0.0657354149548069,2023-09-03 17:50:58,https://news.ycombinator.com/item?id=37375775,0.09313154831199068
37,19,Yenish people,0 days 04:53:52.194892,4h53m,0.06465517241379311,2023-09-03 13:59:48,https://news.ycombinator.com/item?id=37373865,0.2284843869002285
38,36,Simple fragrance method boosts cognitive capacity: study,0 days 09:44:44.780876,9h44m,0.06156652605176149,2023-09-03 09:16:56,https://news.ycombinator.com/item?id=37371085,0.37788663400979705
39,55,Learner drivers forced to buy tests on black market as companies blockbook slots,0 days 15:38:32.478840,15h38m,0.05860207415826112,2023-09-03 03:29:56,https://news.ycombinator.com/item?id=37368977,0.0
40,13,One death reported after storms leave thousands stranded at Burning Man,0 days 03:42:27.170659,3h42m,0.05844009889862891,2023-09-03 15:10:15,https://news.ycombinator.com/item?id=37374623,0.0
41,9,I try synthetic salmon and enter the “uncanny valley” of taste,0 days 02:34:37.857388,2h34m,0.05820847256656246,2023-09-03 16:17:30,https://news.ycombinator.com/item?id=37375131,0.13425822331617812
42,15,Ask HN: Why is this site so stubbornly against readability and accessibility?,0 days 04:28:33.640453,4h28m,0.05585552038726494,2023-09-03 14:24:35,https://news.ycombinator.com/item?id=37374134,0.890207715133531
43,33,HTML Design Principles (2007),0 days 09:54:27.763372,9h54m,0.05551349987383295,2023-09-03 09:08:05,https://news.ycombinator.com/item?id=37371020,0.36066121222240777
44,22,Tesla's dirty little secret on California's I-5,0 days 08:07:53.072919,8h7m,0.04509274758309705,2023-09-03 10:50:48,https://news.ycombinator.com/item?id=37371882,0.0
45,30,My editor trashed my inquiry into child sexual abuse. Now I know why.,0 days 13:27:19.422866,13h27m,0.037160139556968556,2023-09-03 05:40:25,https://news.ycombinator.com/item?id=37369586,0.0
46,11,Cola: A text CRDT for real-time collaborative editing,0 days 05:00:43.842369,5h0m,0.03657928282436402,2023-09-03 13:53:04,https://news.ycombinator.com/item?id=37373796,0.3119092627599244
47,3,John le Carré's 'The Spy Who Came in from the Cold' is the ultimate spy novel,0 days 01:30:40.156040,1h30m,0.03308823529411765,2023-09-03 17:21:17,https://news.ycombinator.com/item?id=37375585,0.41189931350114417
48,14,A WWII documentary series is being demonetized by YouTube [video],0 days 07:20:13.644810,7h20m,0.031802521485632076,2023-09-03 11:37:30,https://news.ycombinator.com/item?id=37372312,0.25247971145175835
49,22,Interfaces for prototyping hardware,0 days 11:39:29.846160,11h39m,0.03145178584193095,2023-09-03 07:26:24,https://news.ycombinator.com/item?id=37370248,0.29567854435178165
50,9,"Care for Environment and Don't Drive Often? Buy Gas-Powered Car, Harvard Study",0 days 04:46:51.656888,4h46m,0.03137528324908489,2023-09-03 14:06:39,https://news.ycombinator.com/item?id=37373947,0.1388888888888889
51,9,VSCode Removes Twitter Integration,0 days 05:44:33.278170,5h44m,0.026121027427078797,2023-09-03 13:10:32,https://news.ycombinator.com/item?id=37373354,0.8823529411764706
52,6,AutoDubber: A Video Translation tool to 10x your viewers,0 days 03:50:21.578616,3h50m,0.02604731929672238,2023-09-03 15:02:25,https://news.ycombinator.com/item?id=37374552,0.0
53,8,Pope Francis Calls US Catholic Church 'Reactionary',0 days 05:15:08.709984,5h15m,0.025386079966151893,2023-09-03 13:39:31,https://news.ycombinator.com/item?id=37373644,0.0
54,8,I'm Being Stalked and YouTube is Ignoring it [video],0 days 05:38:10.015668,5h38m,0.02365697387875801,2023-09-03 13:16:50,https://news.ycombinator.com/item?id=37373410,0.0
55,1,M-Wakili,0 days 00:42:47.702419,0h42m,0.02337358784573432,2023-09-03 18:09:00,https://news.ycombinator.com/item?id=37375900,0.0
56,3,Consider using ChatGPT to prepare for programming interviews,0 days 02:16:18.171913,2h16m,0.02201027146001467,2023-09-03 16:35:48,https://news.ycombinator.com/item?id=37375264,0.1518987341772152
57,12,Is not even owning a laptop the new norm for post-college GenZ?,0 days 09:13:40.847098,9h13m,0.021673690547862733,2023-09-03 09:47:13,https://news.ycombinator.com/item?id=37371323,0.0
58,1,Verson 1 – Developer Excuses API,0 days 00:47:05.263442,0h47m,0.021238938053097345,2023-09-03 18:04:43,https://news.ycombinator.com/item?id=37375868,0.0
59,2,Dihydrogen Monoxide Parody,0 days 01:35:40.579350,1h35m,0.020905923344947733,2023-09-03 17:16:18,https://news.ycombinator.com/item?id=37375553,0.17673048600883653
60,2,AI is hollowing out the web,0 days 01:39:09.227049,1h39m,0.020171457387796268,2023-09-03 17:12:50,https://news.ycombinator.com/item?id=37375529,0.1680672268907563
61,1,Ask HN: What are your top five job boards?,0 days 00:49:44.668734,0h49m,0.020107238605898123,2023-09-03 18:02:04,https://news.ycombinator.com/item?id=37375847,0.0
62,6,‘No one wants to be right about this’: climate scientists,0 days 05:01:20.757929,5h1m,0.01991150442477876,2023-09-03 13:52:30,https://news.ycombinator.com/item?id=37373789,0.3665987780040733
63,12,Call of Duty enlists AI to eavesdrop on voice chat and help ban toxic players,0 days 10:05:15.517072,10h5m,0.01982651796778191,2023-09-03 08:57:30,https://news.ycombinator.com/item?id=37370934,0.7975460122699386
64,9,Coherer Effect [video],0 days 07:40:42.199940,7h40m,0.019535489472541783,2023-09-03 11:17:32,https://news.ycombinator.com/item?id=37372110,0.15104895104895105
65,1,Escapist Utopia Gets Real: Burning Man Revelers Stuck in Mud,0 days 00:54:04.078934,0h54m,0.01849568434032059,2023-09-03 17:57:45,https://news.ycombinator.com/item?id=37375822,0.0
66,3,Scientists finally know why Germany’s wild boar are surprisingly radioactive,0 days 02:51:31.227523,2h51m,0.01749101156350209,2023-09-03 16:00:40,https://news.ycombinator.com/item?id=37375008,0.11378002528445007
67,4,America’s surprising partisan divide on life expectancy,0 days 03:52:04.370852,3h52m,0.017236426314277506,2023-09-03 15:00:45,https://news.ycombinator.com/item?id=37374535,0.0
68,11,Is this the end of Made in Europe?,0 days 10:48:22.284803,10h48m,0.016965708703922677,2023-09-03 08:17:00,https://news.ycombinator.com/item?id=37370618,0.0
69,7,I watched society collapse at Stansted Airport,0 days 07:18:52.685203,7h18m,0.015950174692389487,2023-09-03 11:38:49,https://news.ycombinator.com/item?id=37372328,0.0
70,5,Ask HN: Computing Side Project Ideas?,0 days 05:23:15.892965,5h23m,0.015467904098994586,2023-09-03 13:31:42,https://news.ycombinator.com/item?id=37373560,0.6048387096774193
71,2,Lego 3-axis styrofoam cutter [video],0 days 02:17:04.222448,2h17m,0.014591439688715954,2023-09-03 16:35:03,https://news.ycombinator.com/item?id=37375254,0.09309542280837858
72,7,‘I couldn’t control my mouse’: The injuries taking out elite gamers,0 days 08:26:08.154655,8h26m,0.013830347734457323,2023-09-03 10:33:14,https://news.ycombinator.com/item?id=37371734,0.0
73,6,Ask HN: What would you do with a 2 month runway?,0 days 07:33:04.382580,7h33m,0.013243084167157151,2023-09-03 11:25:08,https://news.ycombinator.com/item?id=37372186,0.0
74,3,Microsoft is removing WordPad from Windows after nearly 30 years,0 days 03:51:18.463616,3h51m,0.012970168612191958,2023-09-03 15:01:30,https://news.ycombinator.com/item?id=37374543,0.0
75,5,"The Louder the Monkey, the Smaller Its Balls, Study Finds",0 days 06:29:46.906383,6h29m,0.01282818780466946,2023-09-03 12:27:34,https://news.ycombinator.com/item?id=37372894,0.0
76,8,Ask HN: Shopping for yourself or someone else online?,0 days 10:27:21.770168,10h27m,0.012752052283414361,2023-09-03 08:37:53,https://news.ycombinator.com/item?id=37370786,0.0
77,11,Study: No evidence that Chinese playtime mandates reduced heavy gaming,0 days 14:59:13.109341,14h59m,0.012232869349248419,2023-09-03 04:09:10,https://news.ycombinator.com/item?id=37369153,0.0
78,2,"The Most-Spoken Language in Each US State (Besides English and Spanish), Mapped",0 days 02:51:47.163904,2h51m,0.011642573008634909,2023-09-03 16:00:25,https://news.ycombinator.com/item?id=37375005,0.0
79,5,‘Colonialism’ Review: Empire Without Apology,0 days 07:26:11.320282,7h26m,0.01120615591498263,2023-09-03 11:31:45,https://news.ycombinator.com/item?id=37372238,0.0
80,1,Job Hunting Just Got Profitable: Job Hunt Mode’s Shares Revenue with Users,0 days 01:33:36.023737,1h33m,0.010683760683760684,2023-09-03 17:18:22,https://news.ycombinator.com/item?id=37375561,0.0
81,2,How many Americans drink alcohol? And who are they?,0 days 03:07:29.410077,3h7m,0.010667614899102142,2023-09-03 15:45:05,https://news.ycombinator.com/item?id=37374915,0.0
82,2,Ask HN: Is paid search-engine model like Kagi viable?,0 days 03:09:51.238982,3h9m,0.010534632604687911,2023-09-03 15:42:44,https://news.ycombinator.com/item?id=37374900,0.0
83,2,Long term nuclear waste storage messaging,0 days 03:11:14.583677,3h11m,0.010458427749694963,2023-09-03 15:41:22,https://news.ycombinator.com/item?id=37374882,0.0
84,9,Why Do We Interface? (2020),0 days 16:15:48.776498,16h15m,0.009223201475712237,2023-09-03 02:53:24,https://news.ycombinator.com/item?id=37368841,0.0
85,1,How to make your own relay  [VIDEO],0 days 01:51:05.166955,1h51m,0.009002250562640661,2023-09-03 17:00:55,https://news.ycombinator.com/item?id=37375450,0.0
86,2,Ask HN: International student in Canada struggling to find a CS internship,0 days 03:42:12.482155,3h42m,0.009000900090009001,2023-09-03 15:10:29,https://news.ycombinator.com/item?id=37374626,0.0
87,6,Should the US implement a ‘robot tax?’,0 days 11:12:28.335211,11h12m,0.008922375334589075,2023-09-03 07:53:20,https://news.ycombinator.com/item?id=37370439,0.0
88,2,Why Linux is Safer than other OSes,0 days 03:53:12.506857,3h53m,0.008576329331046312,2023-09-03 14:59:38,https://news.ycombinator.com/item?id=37374527,0.0
89,1,Generate 1 page comic by text,0 days 01:58:35.391288,1h58m,0.0084328882642305,2023-09-03 16:53:26,https://news.ycombinator.com/item?id=37375402,0.0
90,4,China’s new map outrages its neighbors,0 days 08:02:25.318124,8h2m,0.008291587493522197,2023-09-03 10:56:13,https://news.ycombinator.com/item?id=37371931,0.0
91,1,RISC-V Week: 7 days only using RISC-V computers [video],0 days 02:06:33.077042,2h6m,0.007902015013828527,2023-09-03 16:45:29,https://news.ycombinator.com/item?id=37375345,0.0
92,2,Music Modes: What they are and how to use them,0 days 04:18:10.788542,4h18m,0.007746933505487411,2023-09-03 14:34:56,https://news.ycombinator.com/item?id=37374262,0.0
93,1,Will Italy squander its €200B opportunity?,0 days 02:09:21.467548,2h9m,0.007730962504831852,2023-09-03 16:42:41,https://news.ycombinator.com/item?id=37375320,0.0
94,2,Ask HN: Share your favourite technical writing,0 days 04:29:03.703364,4h29m,0.007433562534844824,2023-09-03 14:24:09,https://news.ycombinator.com/item?id=37374131,0.0
95,5,Ask HN: Why focus on unit tests over end-to-end tests?,0 days 11:12:50.986809,11h12m,0.007431260837255387,2023-09-03 07:52:59,https://news.ycombinator.com/item?id=37370436,0.0
96,2,Störerhaftung (DE),0 days 04:59:01.621980,4h59m,0.006688590379577504,2023-09-03 13:54:45,https://news.ycombinator.com/item?id=37373817,0.0
97,4,Why Americans are desperate to seek admissions into Ivy leagues?,0 days 09:59:11.685817,9h59m,0.006675753108397541,2023-09-03 09:03:32,https://news.ycombinator.com/item?id=37370978,0.0
98,1,LinkedIn-messaging-API – Unofficial API for interacting with LinkedIn Messaging,0 days 02:43:42.821372,2h43m,0.006108735491753207,2023-09-03 16:08:28,https://news.ycombinator.com/item?id=37375071,0.0
99,2,Hawaii wildfire offered insights into wireless alert system relies on cellphones,0 days 05:27:52.343559,5h27m,0.0061000406669377795,2023-09-03 13:27:07,https://news.ycombinator.com/item?id=37373503,0.0
100,5,Ask HN: How to report network routing issues to Akamai?,0 days 14:01:24.118066,14h1m,0.005942476824340385,2023-09-03 05:06:51,https://news.ycombinator.com/item?id=37369409,0.0
101,3,What Ever Happened to the Tiny House Movement?,0 days 08:45:35.319839,8h45m,0.005707943554780402,2023-09-03 10:13:53,https://news.ycombinator.com/item?id=37371576,0.0
102,4,Beer is great for your gut health and possibly better than probiotics,0 days 12:23:27.427121,12h23m,0.005380321474208084,2023-09-03 06:43:31,https://news.ycombinator.com/item?id=37369971,0.0
103,3,A generative AI extension for JupyterLab,0 days 09:21:42.976704,9h21m,0.005340929321701975,2023-09-03 09:39:15,https://news.ycombinator.com/item?id=37371252,0.0
104,1,Node interface physics simulated within the Mandelbrot set,0 days 03:10:15.175115,3h10m,0.005256241787122208,2023-09-03 15:42:21,https://news.ycombinator.com/item?id=37374895,0.0
105,1,"With an EV, I Had to Learn to Drive All over Again",0 days 03:12:57.285189,3h12m,0.005182689816014512,2023-09-03 15:39:40,https://news.ycombinator.com/item?id=37374871,0.0
106,2,Raspberry Pi 5 in 2024?,0 days 06:42:13.331912,6h42m,0.004972444370778603,2023-09-03 12:15:24,https://news.ycombinator.com/item?id=37372752,0.0
107,1,Where Have All the Lindas Gone?,0 days 03:25:23.842796,3h25m,0.0048689442505883305,2023-09-03 15:27:14,https://news.ycombinator.com/item?id=37374780,0.0
108,3,Pentax K-3 III Monochrome: A DSLR Just for B&W Photo Lovers,0 days 10:21:00.414742,10h21m,0.004830917874396135,2023-09-03 08:44:13,https://news.ycombinator.com/item?id=37370835,0.0
109,1,Confessions of a Netflix DVD Dead-Ender,0 days 03:29:16.301728,3h29m,0.004778591908251035,2023-09-03 15:23:22,https://news.ycombinator.com/item?id=37374753,0.0
110,2,What Does Smoke Do to Bees?,0 days 06:58:55.131278,6h58m,0.004774219216232345,2023-09-03 11:58:44,https://news.ycombinator.com/item?id=37372569,0.0
111,1,"Poland cuts tax for first-time buyers, raises it for buying multiple properties",0 days 03:32:19.721991,3h32m,0.00470994583562289,2023-09-03 15:20:19,https://news.ycombinator.com/item?id=37374733,0.0
112,1,Committee to End Pay Toilets in America,0 days 03:32:38.118537,3h32m,0.004702931493964571,2023-09-03 15:20:01,https://news.ycombinator.com/item?id=37374728,0.0
113,1,Mastodon Content Mover,0 days 03:36:38.670273,3h36m,0.004616094783812894,2023-09-03 15:16:01,https://news.ycombinator.com/item?id=37374679,0.0
114,1,Apple letter to HEAT initiative [pdf],0 days 03:39:26.225254,3h39m,0.004557192769254139,2023-09-03 15:13:14,https://news.ycombinator.com/item?id=37374654,0.0
115,1,Private Equity Borrows Billions to Bring You Broadband Internet,0 days 03:40:00.646071,3h40m,0.004545454545454545,2023-09-03 15:12:40,https://news.ycombinator.com/item?id=37374643,0.0
116,1,The Real Story of Musk’s Twitter Takeover,0 days 03:42:04.044317,3h42m,0.004503152206544582,2023-09-03 15:10:37,https://news.ycombinator.com/item?id=37374628,0.0
117,1,Project to build and send cheap FPV drones to Ukraine,0 days 04:07:02.962440,4h7m,0.004048036702199434,2023-09-03 14:46:03,https://news.ycombinator.com/item?id=37374367,0.0
118,2,Apple Is Set to Embrace an iPhone Charger Change It Didn’t Want,0 days 08:16:14.232056,8h16m,0.004030362060858467,2023-09-03 10:42:48,https://news.ycombinator.com/item?id=37371813,0.0
119,3,China Reaches Peak Gasoline in Milestone for Electric Vehicles,0 days 12:26:59.139039,12h26m,0.004016153863316897,2023-09-03 06:40:01,https://news.ycombinator.com/item?id=37369950,0.0
120,3,Poll: What is your primary search experience?,0 days 12:40:37.268228,12h40m,0.003944168109209632,2023-09-03 06:26:42,https://news.ycombinator.com/item?id=37369861,0.0
121,1,Neoliberal Censorship [video],0 days 04:19:55.792623,4h19m,0.003847386983007374,2023-09-03 14:33:12,https://news.ycombinator.com/item?id=37374242,0.0
122,2,What Is a Streaming Database,0 days 08:40:08.570168,8h40m,0.0038451679056652143,2023-09-03 10:19:18,https://news.ycombinator.com/item?id=37371616,0.0
123,1,Base64 Encoding/Decoding in Java with the Vector API,0 days 04:31:51.389849,4h31m,0.003678499172337686,2023-09-03 14:21:22,https://news.ycombinator.com/item?id=37374099,0.0
124,2,Technical Metrics to Track in Engineering Orgs,0 days 09:35:10.807306,9h35m,0.0034772529701535787,2023-09-03 09:26:03,https://news.ycombinator.com/item?id=37371142,0.0
125,1,Crypto Tax Hacks: What You Must Know Before Finalizing Your Return,0 days 04:52:03.099197,4h52m,0.00342407122068139,2023-09-03 14:01:31,https://news.ycombinator.com/item?id=37373887,0.0
126,3,How to have Instagram account deleted?,0 days 14:47:43.563308,14h47m,0.0033794566584683552,2023-09-03 04:20:37,https://news.ycombinator.com/item?id=37369201,0.0
127,1,Ask HN: Am I being oversensitive about my SSH keys?,0 days 04:56:23.682627,4h56m,0.0033740088848900635,2023-09-03 13:57:22,https://news.ycombinator.com/item?id=37373848,0.0
128,1,The Story behind Chef the Configuration Management Tool,0 days 04:56:36.082382,4h56m,0.0033715441672285905,2023-09-03 13:57:10,https://news.ycombinator.com/item?id=37373844,0.0
129,1,Lectures in Ethics 2023,0 days 05:14:33.289142,5h14m,0.0031791448100460975,2023-09-03 13:40:06,https://news.ycombinator.com/item?id=37373654,0.0
130,2,Tell HN: SaaS is becoming anti-customer,0 days 10:30:50.629384,10h30m,0.0031704095112285334,2023-09-03 08:34:27,https://news.ycombinator.com/item?id=37370757,0.0
131,1,Microsoft PowerToys’ Crop and Lock lets you make mini app windows,0 days 05:15:51.304948,5h15m,0.003166059838530948,2023-09-03 13:38:51,https://news.ycombinator.com/item?id=37373637,0.0
132,2,Detect Fair Queuing on an internet connection,0 days 10:46:50.499544,10h46m,0.003091986601391394,2023-09-03 08:18:30,https://news.ycombinator.com/item?id=37370632,0.0
133,2,"Qantas Sold Tickets for Already Canceled Flights, Watchdog Group Says",0 days 10:46:56.629801,10h46m,0.0030915086562242375,2023-09-03 08:18:25,https://news.ycombinator.com/item?id=37370630,0.0
134,2,Rage Against the Machine Used Capitalism to Sell Communism,0 days 11:13:10.418262,11h13m,0.0029710324337707357,2023-09-03 07:52:41,https://news.ycombinator.com/item?id=37370434,0.0
135,1,China’s battery plant rush raises fears of global squeeze,0 days 05:55:11.735855,5h55m,0.002815447421519403,2023-09-03 13:00:36,https://news.ycombinator.com/item?id=37373253,0.0
136,1,N.Y.P.D. Will Use Drones to Monitor Labor Day Celebrations,0 days 06:11:14.582083,6h11m,0.002693723623956182,2023-09-03 12:45:12,https://news.ycombinator.com/item?id=37373089,0.0
137,1,Proprietary Surveillance,0 days 06:14:23.152559,6h14m,0.002671059074923207,2023-09-03 12:42:04,https://news.ycombinator.com/item?id=37373056,0.0
138,2,Ask HN: Any power users of ChatGPT here? Do you face the following challenges?,0 days 12:38:11.640538,12h38m,0.0026378844166978087,2023-09-03 06:29:07,https://news.ycombinator.com/item?id=37369878,0.0
139,2,The Perils of Clojure,0 days 12:47:51.610514,12h47m,0.002604675392329231,2023-09-03 06:19:47,https://news.ycombinator.com/item?id=37369808,0.0
140,2,Ask HN: What should I put in the TOS for my internet forum?,0 days 13:04:57.377511,13h4m,0.0025479329893623795,2023-09-03 06:02:45,https://news.ycombinator.com/item?id=37369708,0.0
141,1,Ask HN: What happened with GPT-4 multimodality?,0 days 06:38:03.844049,6h38m,0.0025122472051249843,2023-09-03 12:19:19,https://news.ycombinator.com/item?id=37372794,0.0
142,1,Death of the Calorie,0 days 06:54:18.718899,6h54m,0.0024137098720733766,2023-09-03 12:03:20,https://news.ycombinator.com/item?id=37372610,0.0
143,2,Review: Glove80 Ergonomic Keyboard,0 days 13:53:37.060796,13h53m,0.0023991842773457023,2023-09-03 05:14:36,https://news.ycombinator.com/item?id=37369457,0.0
144,2,More Countries Ban Import of Japanese Food for Nuclear Contamination,0 days 13:56:01.032575,13h56m,0.0023922968042901856,2023-09-03 05:12:13,https://news.ycombinator.com/item?id=37369443,0.0
145,2,Ask HN: Why has no company explored a phone with an ALON screen?,0 days 14:30:26.571244,14h30m,0.002297706123386819,2023-09-03 04:37:52,https://news.ycombinator.com/item?id=37369271,0.0
146,1,"ChatGPT prompts, shortcuts, Text-to-speech, PDF and more",0 days 07:17:12.078489,7h17m,0.0022872827081427266,2023-09-03 11:40:29,https://news.ycombinator.com/item?id=37372351,0.0
147,1,The US Copyright Office just took a big step toward new rules for generative AI,0 days 07:21:26.031923,7h21m,0.0022653477308766895,2023-09-03 11:36:28,https://news.ycombinator.com/item?id=37372295,0.0
148,1,Decentralized P2P Chat in the Browser,0 days 07:22:56.459367,7h22m,0.002257676098735701,2023-09-03 11:34:58,https://news.ycombinator.com/item?id=37372282,0.0
149,1,Recreating the THX Deep Note (2009),0 days 07:25:27.441432,7h25m,0.0022449208665394544,2023-09-03 11:32:28,https://news.ycombinator.com/item?id=37372249,0.0
150,1,"Cybercrime to cost Germany 206B euros in 2023, survey finds",0 days 07:25:46.866243,7h25m,0.002243326104838107,2023-09-03 11:32:09,https://news.ycombinator.com/item?id=37372241,0.0
151,2,"World Records per Exercise: Push-Ups, Squats, Dead Hangs, etc.",0 days 14:53:42.835226,14h53m,0.0022378874342620565,2023-09-03 04:14:39,https://news.ycombinator.com/item?id=37369173,0.0
152,1,Short Naps Are Good for You – But Not Past 30 Minutes,0 days 07:47:20.827057,7h47m,0.0021398002853067048,2023-09-03 11:10:56,https://news.ycombinator.com/item?id=37372054,0.0
153,1,Philosophy’s No-Go Zone,0 days 08:06:16.130857,8h6m,0.002056484782012613,2023-09-03 10:52:24,https://news.ycombinator.com/item?id=37371899,0.0
154,1,Overnight olfactory enrichment using odorant improves memory in older adults,0 days 08:06:18.533373,8h6m,0.002056343820686819,2023-09-03 10:52:22,https://news.ycombinator.com/item?id=37371898,0.0
155,1,Population-level risks of alcohol consumption (2022),0 days 08:14:18.422664,8h14m,0.0020230629172567267,2023-09-03 10:44:43,https://news.ycombinator.com/item?id=37371829,0.0
156,1,EXT4 Lands a Nice Performance Improvement for Appending to Delalloc Files,0 days 08:14:25.823358,8h14m,0.0020225855385133996,2023-09-03 10:44:36,https://news.ycombinator.com/item?id=37371827,0.0
157,1,Custodians of the Custard,0 days 08:35:04.471716,8h35m,0.00194149624644059,2023-09-03 10:24:20,https://news.ycombinator.com/item?id=37371664,0.0
158,1,"Turns out your abyssal tattoos in Baldur's Gate 3 are D&D equivalent of [,,,]",0 days 08:36:58.328579,8h36m,0.001934360693790702,2023-09-03 10:22:27,https://news.ycombinator.com/item?id=37371645,0.0
159,1,Roth vs. Traditional 401(k): Where to Put Your Money for Retirement?,0 days 08:37:43.732820,8h37m,0.0019315584457393039,2023-09-03 10:21:42,https://news.ycombinator.com/item?id=37371636,0.0
160,1,Tesco gives workers bodycams after rise in violent attacks,0 days 08:39:04.148099,8h39m,0.0019265348060621627,2023-09-03 10:20:22,https://news.ycombinator.com/item?id=37371628,0.0
161,1,We Need to Keep Medicine “Evidence-Based”,0 days 08:44:16.757211,8h44m,0.0019074262461851476,2023-09-03 10:15:11,https://news.ycombinator.com/item?id=37371584,0.0
162,1,Wrongly jailed father successfully sues judge for false imprisonment in landmark,0 days 08:50:16.589753,8h50m,0.0018858436007040482,2023-09-03 10:09:52,https://news.ycombinator.com/item?id=37371536,0.0
163,1,The Detection and Attribution of Northern Hemisphere Land Surface Warming,0 days 08:53:13.132034,8h53m,0.0018754102459913105,2023-09-03 10:06:56,https://news.ycombinator.com/item?id=37371512,0.0
164,1,Customers hate MVPs. Make a SLC instead. (2017),0 days 08:54:21.688403,8h54m,0.0018714325816412464,2023-09-03 10:05:48,https://news.ycombinator.com/item?id=37371502,0.0
165,1,"When kids feel the magic of nature, they will want to protect it",0 days 09:06:47.416291,9h6m,0.0018288779833572104,2023-09-03 09:54:06,https://news.ycombinator.com/item?id=37371388,0.0
166,1,Burning Man Egress Challenges,0 days 09:28:33.441141,9h28m,0.0017588602585524582,2023-09-03 09:32:39,https://news.ycombinator.com/item?id=37371193,0.0
167,1,Cybercrime Will Cost Germany $224B in 2023,0 days 09:29:24.983317,9h29m,0.0017562346329469617,2023-09-03 09:31:48,https://news.ycombinator.com/item?id=37371187,0.0
168,1,Why are we still using a dated GPT-4 benchmark score?,0 days 09:30:50.401279,9h30m,0.0017518248175182481,2023-09-03 09:30:23,https://news.ycombinator.com/item?id=37371172,0.0
169,1,Globalization and Black Men,0 days 09:46:24.514168,9h46m,0.0017053206002728514,2023-09-03 09:16:07,https://news.ycombinator.com/item?id=37371078,0.0
170,1,Burning Man festival-goers trapped in desert as rain turns site to mud,0 days 09:49:08.080536,9h49m,0.001697408622835804,2023-09-03 09:13:24,https://news.ycombinator.com/item?id=37371058,0.0
171,1,Artists's impromptu catwalk show – “I’m in the mud” at Burning Man,0 days 09:54:37.754951,9h54m,0.0016817557530061384,2023-09-03 09:08:05,https://news.ycombinator.com/item?id=37371019,0.0
172,1,Verse Calculus: A Core Calculus for Deterministic Functional Logic Programming,0 days 10:06:45.260286,10h6m,0.0016481252575195715,2023-09-03 08:56:04,https://news.ycombinator.com/item?id=37370923,0.0
173,1,My Adventure with Async Ruby,0 days 10:19:40.017371,10h19m,0.0016137708445400755,2023-09-03 08:45:33,https://news.ycombinator.com/item?id=37370843,0.0
174,1,How to Throttle CPU,0 days 10:29:16.095470,10h29m,0.0015891513931560546,2023-09-03 08:36:01,https://news.ycombinator.com/item?id=37370772,0.0
175,1,Plussing Your iOS App,0 days 10:41:53.401047,10h41m,0.0015579155090488927,2023-09-03 08:23:26,https://news.ycombinator.com/item?id=37370670,0.0
176,1,Show HN: Command line query for all your unified log data,0 days 10:44:52.930410,10h44m,0.0015507081567249044,2023-09-03 08:20:27,https://news.ycombinator.com/item?id=37370653,0.0
177,1,Show HN: RESTful APIs from any data source,0 days 10:51:38.694059,10h51m,0.0015346053506573227,2023-09-03 08:13:47,https://news.ycombinator.com/item?id=37370591,0.0
178,1,New phone sparks worry China has found a way around U.S. tech limits,0 days 11:01:26.885972,11h1m,0.0015118681650960037,2023-09-03 08:04:00,https://news.ycombinator.com/item?id=37370518,0.0
179,1,Ruling against FDA you are not a horse [pdf],0 days 11:06:06.018503,11h6m,0.0015012760846719712,2023-09-03 07:59:22,https://news.ycombinator.com/item?id=37370486,0.0
180,1,"Spectrum puts account and security code on every bill page, even ads",0 days 11:14:21.114003,11h14m,0.0014829094683769556,2023-09-03 07:51:31,https://news.ycombinator.com/item?id=37370418,0.0
181,1,"McDonald's: you can sneer, but it's the glue that holds communities together",0 days 11:41:39.645171,11h41m,0.0014252120002850425,2023-09-03 07:24:21,https://news.ycombinator.com/item?id=37370225,0.0
182,1,Refraction in Three.js [video],0 days 11:43:49.182925,11h43m,0.001420824551848256,2023-09-03 07:22:12,https://news.ycombinator.com/item?id=37370204,0.0
183,1,How to protect against a lawless humanity?,0 days 11:47:53.749021,11h47m,0.001412662161843995,2023-09-03 07:18:08,https://news.ycombinator.com/item?id=37370179,0.0
184,1,Ban or Embrace? Colleges Wrestle with A.I.-Generated Admissions Essays,0 days 11:48:04.132861,11h48m,0.0014122963939365407,2023-09-03 07:17:58,https://news.ycombinator.com/item?id=37370178,0.0
185,1,Hacktoberfest 2023 is dropping the t-shirt,0 days 11:57:55.557959,11h57m,0.0013929193267556588,2023-09-03 07:09:01,https://news.ycombinator.com/item?id=37370114,0.0
186,1,Three excellent mental health lessons from 1 F.R.I.E.N.D.S episode,0 days 12:18:51.652413,12h18m,0.0013534546931041483,2023-09-03 06:48:06,https://news.ycombinator.com/item?id=37370001,0.0
187,1,The Tropical Island with the Hot Domain Name,0 days 12:36:37.111334,12h36m,0.0013216732383197127,2023-09-03 06:30:41,https://news.ycombinator.com/item?id=37369889,0.0
188,1,Ask HN: What does your single file “productivity app” look like?,0 days 12:47:16.219654,12h47m,0.001303327830393605,2023-09-03 06:20:22,https://news.ycombinator.com/item?id=37369814,0.0
189,1,Return to office mandates are stronger as remote work is harder to find,0 days 12:54:09.550292,12h54m,0.0012917393270038106,2023-09-03 06:13:30,https://news.ycombinator.com/item?id=37369774,0.0
190,1,I Just Learned That Sweet Tea Is Not Universal,0 days 12:54:46.952615,12h54m,0.0012907111818612055,2023-09-03 06:12:53,https://news.ycombinator.com/item?id=37369771,0.0
191,1,Calendar.js v2.3.1 Released,0 days 12:55:52.391413,12h55m,0.0012888812510740678,2023-09-03 06:11:48,https://news.ycombinator.com/item?id=37369760,0.0
192,1,The Story of Our Universe May Be Starting to Unravel,0 days 12:56:45.820914,12h56m,0.001287415513356936,2023-09-03 06:10:55,https://news.ycombinator.com/item?id=37369756,0.0
193,1,Sweden testing a semi-truck trailer covered in 100 square meters of solar panels,0 days 12:58:58.246015,12h58m,0.0012837519791176345,2023-09-03 06:08:43,https://news.ycombinator.com/item?id=37369740,0.0
194,1,Employment expert breaks down the future of remote work,0 days 12:59:24.678023,12h59m,0.0012830382345393892,2023-09-03 06:08:17,https://news.ycombinator.com/item?id=37369738,0.0
195,1,A breakdown of inflation impact on every type of Pret sandwich,0 days 13:14:53.314028,13h14m,0.0012580462541672782,2023-09-03 05:52:50,https://news.ycombinator.com/item?id=37369658,0.0
196,1,America’s Surprising Partisan Divide on Life Expectancy,0 days 13:19:48.854214,13h19m,0.001250312578144536,2023-09-03 05:47:55,https://news.ycombinator.com/item?id=37369633,0.0
197,1,Crystal Lang – Fibers,0 days 14:13:54.019352,14h13m,0.0011710973181871414,2023-09-03 04:54:23,https://news.ycombinator.com/item?id=37369351,0.0
198,1,"Yes, there's an NPM package called (-.-)/env and some others like it",0 days 14:24:26.846730,14h24m,0.0011568272085759458,2023-09-03 04:43:51,https://news.ycombinator.com/item?id=37369303,0.0
199,1,Ferranti Effect,0 days 14:44:29.529815,14h44m,0.0011306035538638376,2023-09-03 04:23:50,https://news.ycombinator.com/item?id=37369211,0.0
200,1,Rome Project Officially Discontinued,0 days 15:06:26.187829,15h6m,0.0011032250946934874,2023-09-03 04:02:01,https://news.ycombinator.com/item?id=37369115,0.0
201,1,I made an app that notifies you whenever a game goes free,0 days 15:22:38.762507,15h22m,0.0010838541854835796,2023-09-03 03:45:49,https://news.ycombinator.com/item?id=37369051,0.0
202,1,Russian sentenced to six years in prison for online posts about Ukraine war,0 days 15:56:40.098415,15h56m,0.0010452961672473868,2023-09-03 03:12:32,https://news.ycombinator.com/item?id=37368913,0.0
203,0,"How to Save Twenty Million Lives, with Dr. Mark Dybul",0 days 00:36:27.408287,0h36m,0.0,2023-09-03 18:15:20,https://news.ycombinator.com/item?id=37375939,0.0
204,0,"Starlight by Astro, a full-featured documentation theme",0 days 00:36:40.555924,0h36m,0.0,2023-09-03 18:15:07,https://news.ycombinator.com/item?id=37375938,0.0
205,0,Dynamic vs. Static Dispatch,0 days 00:46:26.111536,0h46m,0.0,2023-09-03 18:05:22,https://news.ycombinator.com/item?id=37375874,0.0
206,0,Ambient Calculus,0 days 00:55:33.481849,0h55m,0.0,2023-09-03 17:56:16,https://news.ycombinator.com/item?id=37375810,0.0
207,0,Guesstimate: Fermi Estimation for Startups,0 days 01:01:27.839725,1h1m,0.0,2023-09-03 17:50:23,https://news.ycombinator.com/item?id=37375770,0.0
208,0,"Maker of ‘smart’ chastity cage left users’ emails, passwords, locations exposed",0 days 01:02:10.008553,1h2m,0.0,2023-09-03 17:49:41,https://news.ycombinator.com/item?id=37375766,0.0
209,0,All-Domain Anomaly Resolution Office,0 days 01:02:12.164561,1h2m,0.0,2023-09-03 17:49:39,https://news.ycombinator.com/item?id=37375765,0.0
210,0,Beer is great for your gut health and probably better than probiotics,0 days 01:03:11.338226,1h3m,0.0,2023-09-03 17:48:40,https://news.ycombinator.com/item?id=37375752,0.0
211,0,What has your personal website or blog deprived you from?,0 days 01:04:54.490085,1h4m,0.0,2023-09-03 17:46:57,https://news.ycombinator.com/item?id=37375740,0.0
212,0,Gallery of Programmer Interfaces,0 days 01:11:15.631756,1h11m,0.0,2023-09-03 17:40:36,https://news.ycombinator.com/item?id=37375701,0.0
213,0,Google Maps starts rolling out new UI design with fresh colors,0 days 01:17:46.788192,1h17m,0.0,2023-09-03 17:34:05,https://news.ycombinator.com/item?id=37375671,0.0
214,0,Show HN: FeedsBot – A Meower bot that posts RSS feed updates to groupchats,0 days 01:18:05.946517,1h18m,0.0,2023-09-03 17:33:46,https://news.ycombinator.com/item?id=37375670,0.0
215,0,A Quantitative Approach for Adopting Disaggregated Memory in HPC Systems,0 days 01:28:16.555170,1h28m,0.0,2023-09-03 17:23:40,https://news.ycombinator.com/item?id=37375603,0.0
216,0,SPA using jQuery under 70 lines,0 days 01:28:24.705193,1h28m,0.0,2023-09-03 17:23:32,https://news.ycombinator.com/item?id=37375602,0.0
217,0,Scientists Find a New Spin on Winning the ‘Bottle Flip’ Challenge,0 days 01:29:11.853364,1h29m,0.0,2023-09-03 17:22:45,https://news.ycombinator.com/item?id=37375597,0.0
218,0,How to become a software developer: Hannah's story,0 days 01:29:35.012425,1h29m,0.0,2023-09-03 17:22:22,https://news.ycombinator.com/item?id=37375592,0.0
219,0,The Complete Guide to Magnet Implants,0 days 01:34:28.420019,1h34m,0.0,2023-09-03 17:17:30,https://news.ycombinator.com/item?id=37375557,0.0
220,0,45k USPS Workers Aren't Getting Paid This Week Amidst Union Decertification Push,0 days 01:40:57.869048,1h40m,0.0,2023-09-03 17:11:02,https://news.ycombinator.com/item?id=37375516,0.0
221,0,Framework Failed So CJ Framed It,0 days 01:47:15.023591,1h47m,0.0,2023-09-03 17:04:45,https://news.ycombinator.com/item?id=37375472,0.0
222,0,Copper Be Gone: The Chemistry Behind PCB Etching,0 days 01:54:39.572670,1h54m,0.0,2023-09-03 16:57:21,https://news.ycombinator.com/item?id=37375431,0.0
223,0,Home insurers cut natural disasters from policies as climate risks grow,0 days 01:55:13.716951,1h55m,0.0,2023-09-03 16:56:47,https://news.ycombinator.com/item?id=37375425,0.0
224,0,Perked Up – Lavish rewards programs are subsidized by the poor,0 days 01:55:47.895355,1h55m,0.0,2023-09-03 16:56:13,https://news.ycombinator.com/item?id=37375420,0.0
225,0,Rock Tripe,0 days 01:56:30.039080,1h56m,0.0,2023-09-03 16:55:31,https://news.ycombinator.com/item?id=37375416,0.0
226,0,"Burning Man burners ignore officials' calls to stay put, stream out of playa",0 days 01:57:37.211411,1h57m,0.0,2023-09-03 16:54:24,https://news.ycombinator.com/item?id=37375408,0.0
227,0,Heat records topple across sweltering Asia,0 days 01:58:37.786263,1h58m,0.0,2023-09-03 16:53:24,https://news.ycombinator.com/item?id=37375401,0.0
228,0,Libei 1.0 Released for Better Supporting Emulated Input on Wayland,0 days 02:02:14.925926,2h2m,0.0,2023-09-03 16:49:47,https://news.ycombinator.com/item?id=37375373,0.0
229,0,A complete guide to fine-tuning Code Llama,0 days 02:11:00.877002,2h11m,0.0,2023-09-03 16:41:02,https://news.ycombinator.com/item?id=37375303,0.0
230,0,Webb Mirror (2022),0 days 02:16:57.072639,2h16m,0.0,2023-09-03 16:35:10,https://news.ycombinator.com/item?id=37375257,0.0
231,0,"Phish playing Reba last night in Commerce City, CO [video]",0 days 02:43:34.521210,2h43m,0.0,2023-09-03 16:08:36,https://news.ycombinator.com/item?id=37375072,0.0
232,0,A Map of Fictional Tube Stations,0 days 02:52:56.788723,2h52m,0.0,2023-09-03 15:59:16,https://news.ycombinator.com/item?id=37374999,0.0
233,0,Bisphenol A: Health experts drastically reduce safe intake limits,0 days 02:55:01.926596,2h55m,0.0,2023-09-03 15:57:11,https://news.ycombinator.com/item?id=37374987,0.0
234,0,Scythians,0 days 02:56:14.066824,2h56m,0.0,2023-09-03 15:55:59,https://news.ycombinator.com/item?id=37374978,0.0
235,0,"At risk from sea level rise, Norfolk, Virginia plans a floodwall",0 days 03:01:15.091613,3h1m,0.0,2023-09-03 15:51:19,https://news.ycombinator.com/item?id=37374950,0.0
236,0,Stealth malware MMRat enables keylogging and screen recording on Android devices,0 days 03:01:30.250591,3h1m,0.0,2023-09-03 15:51:04,https://news.ycombinator.com/item?id=37374948,0.0
237,0,Evidence for Hipparchus’ Star Catalogue revealed by multispectral imaging (2022),0 days 03:08:21.092218,3h8m,0.0,2023-09-03 15:44:14,https://news.ycombinator.com/item?id=37374908,0.0
238,0,Crowd Control: How We Avoid Mass Panic (2010),0 days 03:24:52.689681,3h24m,0.0,2023-09-03 15:27:45,https://news.ycombinator.com/item?id=37374786,0.0
239,0,Framework 13: Things that Surprised Me,0 days 03:35:49.516083,3h35m,0.0,2023-09-03 15:16:50,https://news.ycombinator.com/item?id=37374692,0.0
240,0,Unanswered questions about the causes of obesity,0 days 03:38:05.080355,3h38m,0.0,2023-09-03 15:14:35,https://news.ycombinator.com/item?id=37374668,0.0
241,0,Show HN: Llama2.f90 – Toy LLaMA2 model inference in Fortran,0 days 03:45:12.278618,3h45m,0.0,2023-09-03 15:07:34,https://news.ycombinator.com/item?id=37374595,0.0
242,0,LWN review of Mastering Emacs (by Mickey Petersen),0 days 03:45:58.431578,3h45m,0.0,2023-09-03 15:06:48,https://news.ycombinator.com/item?id=37374587,0.0
243,0,Microsoft removes TLS 1.0 and TLS 1.1 in Windows,0 days 03:50:55.305374,3h50m,0.0,2023-09-03 15:01:53,https://news.ycombinator.com/item?id=37374549,0.0
244,0,China says the best way to 'de-risk' is to restore stability with the U.S.,0 days 03:55:38.173951,3h55m,0.0,2023-09-03 14:57:13,https://news.ycombinator.com/item?id=37374499,0.0
245,0,"He created the Katamari games, but they’re rolling on without him",0 days 03:56:26.378552,3h56m,0.0,2023-09-03 14:56:25,https://news.ycombinator.com/item?id=37374489,0.0
246,0,Kalash People,0 days 03:58:18.180647,3h58m,0.0,2023-09-03 14:54:47,https://news.ycombinator.com/item?id=37374466,0.0
247,0,Performance Through Memory Layout,0 days 04:02:13.333066,4h2m,0.0,2023-09-03 14:50:52,https://news.ycombinator.com/item?id=37374425,0.0
248,0,"The View Transitions API, the Navigation API and the SPA vs. MPA Debate",0 days 04:03:53.488728,4h3m,0.0,2023-09-03 14:49:12,https://news.ycombinator.com/item?id=37374406,0.0
249,0,Planned Parenthood Sued over ‘Alarming’ Data Privacy Concerns,0 days 04:05:53.626993,4h5m,0.0,2023-09-03 14:47:12,https://news.ycombinator.com/item?id=37374383,0.0
250,0,Hosting a continuously-updating vector tile server wAWS and old laptop for $1.61,0 days 04:06:23.767484,4h6m,0.0,2023-09-03 14:46:42,https://news.ycombinator.com/item?id=37374377,0.0
251,0,Elysia – Fast and friendly Bun web framework,0 days 04:07:50.352536,4h7m,0.0,2023-09-03 14:45:16,https://news.ycombinator.com/item?id=37374358,0.0
252,0,MIT's Boeing 707 flying testbed has been retired to Davis Montham Boeyard,0 days 04:11:53.488978,4h11m,0.0,2023-09-03 14:41:13,https://news.ycombinator.com/item?id=37374321,0.0
253,0,How are large vlsi projects' src code organised at big companies?,0 days 04:17:35.638707,4h17m,0.0,2023-09-03 14:35:31,https://news.ycombinator.com/item?id=37374270,0.0
254,0,Detail of the Giant Cerebras Wafer-Scale Cluster,0 days 04:18:29.606981,4h18m,0.0,2023-09-03 14:34:38,https://news.ycombinator.com/item?id=37374260,0.0
255,0,Google Turns 25,0 days 04:22:03.204935,4h22m,0.0,2023-09-03 14:31:05,https://news.ycombinator.com/item?id=37374214,0.0
256,0,Knot Theory [video],0 days 04:24:05.352984,4h24m,0.0,2023-09-03 14:29:03,https://news.ycombinator.com/item?id=37374187,0.0
257,0,Sled theoretical performance guide (with executive summary),0 days 04:27:37.493936,4h27m,0.0,2023-09-03 14:25:31,https://news.ycombinator.com/item?id=37374147,0.0
258,0,A Meditation on Matcha,0 days 04:32:55.791574,4h32m,0.0,2023-09-03 14:20:18,https://news.ycombinator.com/item?id=37374082,0.0
259,0,We did 15 startups in 21 months,0 days 04:35:05.935676,4h35m,0.0,2023-09-03 14:18:08,https://news.ycombinator.com/item?id=37374064,0.0
260,0,How to Use Retrieval-Augmented Generation (Rag) with Llama 2,0 days 04:39:14.083544,4h39m,0.0,2023-09-03 14:14:00,https://news.ycombinator.com/item?id=37374024,0.0
261,0,Nintendo's New Employee Retention Rate Is 98.8% in Japan,0 days 04:43:45.364314,4h43m,0.0,2023-09-03 14:09:45,https://news.ycombinator.com/item?id=37373980,0.0
262,0,Memory Tagging: A Memory Efficient Design,0 days 04:46:24.512822,4h46m,0.0,2023-09-03 14:07:06,https://news.ycombinator.com/item?id=37373954,0.0
263,0,Getting Beyond Generative AI,0 days 04:48:11.399967,4h48m,0.0,2023-09-03 14:05:22,https://news.ycombinator.com/item?id=37373927,0.0
264,0,Google's search for an AI future as it turns 25,0 days 04:48:13.540479,4h48m,0.0,2023-09-03 14:05:20,https://news.ycombinator.com/item?id=37373926,0.0
265,0,I owe every Steam Deck owner an apology,0 days 04:49:33.677750,4h49m,0.0,2023-09-03 14:04:00,https://news.ycombinator.com/item?id=37373916,0.0
266,0,What Developers Want. What Vendors Think They Want,0 days 04:50:03.816001,4h50m,0.0,2023-09-03 14:03:30,https://news.ycombinator.com/item?id=37373910,0.0
267,0,A look into the REM dreams of the animal kingdom,0 days 04:50:24.959643,4h50m,0.0,2023-09-03 14:03:09,https://news.ycombinator.com/item?id=37373906,0.0
268,0,What Would You Do with a 16.8M Core Graph Processing Beast? – The Next Platform,0 days 04:52:32.502240,4h52m,0.0,2023-09-03 14:01:02,https://news.ycombinator.com/item?id=37373882,0.0
269,0,The USAF Pairs Piloted Jets with AI Drones,0 days 04:53:39.053035,4h53m,0.0,2023-09-03 14:00:01,https://news.ycombinator.com/item?id=37373869,0.0
270,0,What a Contest of Consciousness Theories Proved,0 days 04:55:20.532571,4h55m,0.0,2023-09-03 13:58:25,https://news.ycombinator.com/item?id=37373856,0.0
271,0,Revisiting Hy in 2023,0 days 04:58:33.477709,4h58m,0.0,2023-09-03 13:55:13,https://news.ycombinator.com/item?id=37373823,0.0
272,0,Oceanic waves represent fundamental challenges in nonlinear science,0 days 04:59:25.409958,4h59m,0.0,2023-09-03 13:54:22,https://news.ycombinator.com/item?id=37373809,0.0
273,0,Along the Banks of the Nile,0 days 05:00:07.557394,5h0m,0.0,2023-09-03 13:53:40,https://news.ycombinator.com/item?id=37373803,0.0
274,0,How to Negotiate a Job Offer Deadline,0 days 05:00:28.700599,5h0m,0.0,2023-09-03 13:53:19,https://news.ycombinator.com/item?id=37373801,0.0
275,0,Wherein it feels like we are starting to reimplement RxJS,0 days 05:01:54.498925,5h1m,0.0,2023-09-03 13:51:58,https://news.ycombinator.com/item?id=37373780,0.0
276,0,Modular Neovim with Nix,0 days 05:05:28.668148,5h5m,0.0,2023-09-03 13:48:24,https://news.ycombinator.com/item?id=37373740,0.0
277,0,Live ATC transmissions around the world,0 days 05:07:44.828427,5h7m,0.0,2023-09-03 13:46:08,https://news.ycombinator.com/item?id=37373716,0.0
278,0,Germany: 40 Years of Church Asylum,0 days 05:07:54.002677,5h7m,0.0,2023-09-03 13:45:59,https://news.ycombinator.com/item?id=37373714,0.0
279,0,Show HN: Signal-compress: LLM-compression of Signal chats,0 days 05:14:31.125392,5h14m,0.0,2023-09-03 13:40:08,https://news.ycombinator.com/item?id=37373655,0.0
280,0,Some AI Koans,0 days 05:23:09.745236,5h23m,0.0,2023-09-03 13:31:48,https://news.ycombinator.com/item?id=37373561,0.0
281,0,Apple's iPads-for-Concealed-Firearms-Licenses Bribery Case,0 days 05:38:45.091317,5h38m,0.0,2023-09-03 13:16:19,https://news.ycombinator.com/item?id=37373405,0.0
282,0,An Alternative Syntax for Async Functions,0 days 05:39:00.512997,5h39m,0.0,2023-09-03 13:16:04,https://news.ycombinator.com/item?id=37373399,0.0
283,0,Bayesian Dice,0 days 05:40:21.124010,5h40m,0.0,2023-09-03 13:14:44,https://news.ycombinator.com/item?id=37373395,0.0
284,0,Bpycv: Computer Vision and Deep Learning Utils for Blender,0 days 05:44:57.018349,5h44m,0.0,2023-09-03 13:10:11,https://news.ycombinator.com/item?id=37373350,0.0
285,0,A List of Nintendo 64 Patents,0 days 05:46:57.494437,5h46m,0.0,2023-09-03 13:08:11,https://news.ycombinator.com/item?id=37373325,0.0
286,0,Ask HN: ShakespeareGPT,0 days 05:48:09.720636,5h48m,0.0,2023-09-03 13:06:59,https://news.ycombinator.com/item?id=37373310,0.0
287,0,"Big Problems with Counter Drone Technology(Anti Drone Guns, Drone Jammers, etc.)",0 days 05:49:02.874653,5h49m,0.0,2023-09-03 13:06:06,https://news.ycombinator.com/item?id=37373302,0.0
288,0,Virtual-Reality School as the Ultimate School Choice,0 days 05:50:39.024053,5h50m,0.0,2023-09-03 13:04:30,https://news.ycombinator.com/item?id=37373289,0.0
289,0,LLMs Create an Exponential Flywheel for AI Advancement,0 days 05:52:54.442074,5h52m,0.0,2023-09-03 13:02:36,https://news.ycombinator.com/item?id=37373270,0.0
290,0,New York City’s Eternal War on Rats,0 days 05:53:27.594949,5h53m,0.0,2023-09-03 13:02:03,https://news.ycombinator.com/item?id=37373267,0.0
291,0,Show HN: CopilotTextarea: textarea for react with Copilot autocompletions,0 days 05:53:55.752488,5h53m,0.0,2023-09-03 13:01:35,https://news.ycombinator.com/item?id=37373263,0.0
292,0,Court Rules on Civilian Drones Used to Record Police [2015],0 days 05:56:34.134587,5h56m,0.0,2023-09-03 12:59:14,https://news.ycombinator.com/item?id=37373237,0.0
293,0,Using ZRAM Instead of Swap,0 days 06:03:32.964127,6h3m,0.0,2023-09-03 12:52:53,https://news.ycombinator.com/item?id=37373180,0.0
294,0,Russia Linked Hackers Attack UK Ministry of Defence and Leak Secret Documents,0 days 06:03:51.112986,6h3m,0.0,2023-09-03 12:52:35,https://news.ycombinator.com/item?id=37373177,0.0
295,0,Ask HN: Where do I get bank card BINs?,0 days 06:05:54.284295,6h5m,0.0,2023-09-03 12:50:32,https://news.ycombinator.com/item?id=37373150,0.0
296,0,The First Stable Release of a Memory Safe Sudo Implementation – Prossimo,0 days 06:11:04.427524,6h11m,0.0,2023-09-03 12:45:22,https://news.ycombinator.com/item?id=37373092,0.0
297,0,Zammad – open-source helpdesk and customer support system,0 days 06:14:13.000083,6h14m,0.0,2023-09-03 12:42:14,https://news.ycombinator.com/item?id=37373058,0.0
298,0,Get More Value Out of FusionAuth: Using the APIs for User Maintenance,0 days 06:16:17.226331,6h16m,0.0,2023-09-03 12:40:11,https://news.ycombinator.com/item?id=37373033,0.0
299,0,"Facing mounting challenges, schools embrace the 4-day week",0 days 06:17:10.367999,6h17m,0.0,2023-09-03 12:39:18,https://news.ycombinator.com/item?id=37373028,0.0
300,0,Let's Implement the Map Method from First Principles,0 days 06:20:42.576775,6h20m,0.0,2023-09-03 12:35:46,https://news.ycombinator.com/item?id=37372989,0.0
301,0,Why ‘tiny forests’ are popping up in big cities (2021),0 days 06:25:56.534073,6h25m,0.0,2023-09-03 12:31:01,https://news.ycombinator.com/item?id=37372936,0.0
302,0,Dennis Ritchie PhD Thesis: Program Structure and Computational Complexity [pdf],0 days 06:26:02.680475,6h26m,0.0,2023-09-03 12:30:55,https://news.ycombinator.com/item?id=37372934,0.0
303,0,China's covert global radio network (2015),0 days 06:26:16.835153,6h26m,0.0,2023-09-03 12:30:41,https://news.ycombinator.com/item?id=37372930,0.0
304,0,The Urban Canopy is working to create a better local food cycle,0 days 06:26:54.986582,6h26m,0.0,2023-09-03 12:30:03,https://news.ycombinator.com/item?id=37372923,0.0
305,0,Tracking satellite along with their orbits,0 days 06:28:19.763948,6h28m,0.0,2023-09-03 12:29:01,https://news.ycombinator.com/item?id=37372913,0.0
306,0,An Analysis of AI-Driven Persuasion [PDF],0 days 06:33:02.377116,6h33m,0.0,2023-09-03 12:24:20,https://news.ycombinator.com/item?id=37372848,0.0
307,0,Software packaging at Large Hadron Collider using Nix,0 days 06:34:58.522369,6h34m,0.0,2023-09-03 12:22:24,https://news.ycombinator.com/item?id=37372834,0.0
308,0,Electronic Book Mechanical Precursor,0 days 06:35:12.676333,6h35m,0.0,2023-09-03 12:22:10,https://news.ycombinator.com/item?id=37372832,0.0
309,0,Bound to Lose,0 days 06:42:25.983319,6h42m,0.0,2023-09-03 12:15:12,https://news.ycombinator.com/item?id=37372746,0.0
310,0,Coherer,0 days 06:46:06.123948,6h46m,0.0,2023-09-03 12:11:32,https://news.ycombinator.com/item?id=37372707,0.0
311,0,Study on the Fabrication Process of X-Ray Focusing Mirrors,0 days 06:47:54.280901,6h47m,0.0,2023-09-03 12:09:44,https://news.ycombinator.com/item?id=37372693,0.0
312,0,What to do when the docs aren't enough,0 days 06:50:50.426414,6h50m,0.0,2023-09-03 12:06:48,https://news.ycombinator.com/item?id=37372656,0.0
313,0,Power Consumption Calculators (of home appliances and devices),0 days 06:50:52.575415,6h50m,0.0,2023-09-03 12:06:46,https://news.ycombinator.com/item?id=37372654,0.0
314,0,"Confirm raises $6.2M for generative AI, network analysis in performance reviews",0 days 07:03:44.802119,7h3m,0.0,2023-09-03 11:53:55,https://news.ycombinator.com/item?id=37372519,0.0
315,0,Could Any Other Jazz Trumpeter Match Up with Louis Armstrong in the 1930s?,0 days 07:06:30.964449,7h6m,0.0,2023-09-03 11:51:09,https://news.ycombinator.com/item?id=37372483,0.0
316,0,my C Homework,0 days 07:07:30.116807,7h7m,0.0,2023-09-03 11:50:10,https://news.ycombinator.com/item?id=37372473,0.0
317,0,Drying up now page templates and normalizing data in Eleventy,0 days 07:07:33.271371,7h7m,0.0,2023-09-03 11:50:07,https://news.ycombinator.com/item?id=37372472,0.0
318,0,Comparing Hardware Wallets,0 days 07:10:09.431754,7h10m,0.0,2023-09-03 11:47:31,https://news.ycombinator.com/item?id=37372443,0.0
319,0,Nokia N91 with a Hard Drive,0 days 07:10:42.595346,7h10m,0.0,2023-09-03 11:46:58,https://news.ycombinator.com/item?id=37372438,0.0
320,0,Designing a simple analog kick drum from scratch,0 days 07:12:39.760913,7h12m,0.0,2023-09-03 11:45:01,https://news.ycombinator.com/item?id=37372407,0.0
321,0,No more queuing at the border: Finland tests digital passports in world first,0 days 07:13:42.913517,7h13m,0.0,2023-09-03 11:43:58,https://news.ycombinator.com/item?id=37372394,0.0
322,0,Show HN: A gem that shows jobs right in the command line,0 days 07:17:13.531407,7h17m,0.0,2023-09-03 11:40:28,https://news.ycombinator.com/item?id=37372350,0.0
323,0,Toto develops bidet feature that can be adjusted by smartphone,0 days 07:20:25.891076,7h20m,0.0,2023-09-03 11:37:28,https://news.ycombinator.com/item?id=37372311,0.0
324,0,The NEXT 100X for AI Hardware Performance Will Be Harder,0 days 07:23:20.131097,7h23m,0.0,2023-09-03 11:34:35,https://news.ycombinator.com/item?id=37372278,0.0
325,0,Golf gear giant Callaway data breach exposes info of 1.1M,0 days 07:24:49.280224,7h24m,0.0,2023-09-03 11:33:06,https://news.ycombinator.com/item?id=37372258,0.0
326,0,Social Atomisation,0 days 07:39:03.063992,7h39m,0.0,2023-09-03 11:19:11,https://news.ycombinator.com/item?id=37372132,0.0
327,0,A social network where people can move within a physical space and interact,0 days 07:42:22.674376,7h42m,0.0,2023-09-03 11:15:54,https://news.ycombinator.com/item?id=37372097,0.0
328,0,Show HN: “Open As Tabs”–open multiple URLs or search queries simultaneously,0 days 07:47:36.237301,7h47m,0.0,2023-09-03 11:10:41,https://news.ycombinator.com/item?id=37372051,0.0
329,0,On the Impact of Language Selection for Training and Evaluating Programming LMs,0 days 07:52:57.383600,7h52m,0.0,2023-09-03 11:05:20,https://news.ycombinator.com/item?id=37372005,0.0
330,0,Therapy as Coaching: Career Salvation and Patience in Software,0 days 07:54:11.011733,7h54m,0.0,2023-09-03 11:04:27,https://news.ycombinator.com/item?id=37372000,0.0
331,0,Show HN: DJ Phonetic – Beatbox with historical speech,0 days 07:59:18.159855,7h59m,0.0,2023-09-03 10:59:20,https://news.ycombinator.com/item?id=37371957,0.0
332,0,"What is the difference between Turbo and Stimulus, and what is Hotwire?",0 days 08:04:02.503698,8h4m,0.0,2023-09-03 10:54:37,https://news.ycombinator.com/item?id=37371926,0.0
333,0,What is the best AI refactoring tool out there?,0 days 08:04:34.656047,8h4m,0.0,2023-09-03 10:54:05,https://news.ycombinator.com/item?id=37371919,0.0
334,0,Sleep Paralysis,0 days 08:04:37.813584,8h4m,0.0,2023-09-03 10:54:02,https://news.ycombinator.com/item?id=37371917,0.0
335,0,When Wizards and Orcs Came to Death Row,0 days 08:04:40.979386,8h4m,0.0,2023-09-03 10:53:59,https://news.ycombinator.com/item?id=37371916,0.0
336,0,Design of stimulus-responsive two-state hinge proteins,0 days 08:07:32.918313,8h7m,0.0,2023-09-03 10:51:08,https://news.ycombinator.com/item?id=37371886,0.0
337,0,Ideogram – Alternative to Midjourney and Instagram,0 days 08:09:40.230235,8h9m,0.0,2023-09-03 10:49:21,https://news.ycombinator.com/item?id=37371871,0.0
338,0,Ways to Steer Network Traffic to a Proxy,0 days 08:18:36.893485,8h18m,0.0,2023-09-03 10:40:26,https://news.ycombinator.com/item?id=37371794,0.0
339,0,The KnotPlot Site,0 days 08:18:43.040016,8h18m,0.0,2023-09-03 10:40:20,https://news.ycombinator.com/item?id=37371792,0.0
340,0,Knotinfo: Table of Knots,0 days 08:19:02.198751,8h19m,0.0,2023-09-03 10:40:01,https://news.ycombinator.com/item?id=37371790,0.0
341,0,Knot Atlas,0 days 08:19:30.364369,8h19m,0.0,2023-09-03 10:39:33,https://news.ycombinator.com/item?id=37371782,0.0
342,0,Senator Admits “Kids Online Safety Act” Will Target Trans Content Online,0 days 08:20:05.516930,8h20m,0.0,2023-09-03 10:38:58,https://news.ycombinator.com/item?id=37371779,0.0
343,0,Programmable Magnet,0 days 08:20:15.662946,8h20m,0.0,2023-09-03 10:38:48,https://news.ycombinator.com/item?id=37371777,0.0
344,0,"Minnows blamed for algae-filled French, Spanish lakes",0 days 08:21:12.827220,8h21m,0.0,2023-09-03 10:37:51,https://news.ycombinator.com/item?id=37371772,0.0
345,0,Topton soft router is a mini PC with up to 8 high-speed Ethernet ports,0 days 08:23:12.011176,8h23m,0.0,2023-09-03 10:36:10,https://news.ycombinator.com/item?id=37371757,0.0
346,0,Programming the Kernel with eBPF,0 days 08:26:25.050877,8h26m,0.0,2023-09-03 10:32:59,https://news.ycombinator.com/item?id=37371731,0.0
347,0,Ignaz Semmelweis – early pioneer of antiseptic procedures,0 days 08:31:50.206308,8h31m,0.0,2023-09-03 10:27:34,https://news.ycombinator.com/item?id=37371684,0.0
348,0,Foucault foresaw our identity crisis,0 days 08:35:58.874810,8h35m,0.0,2023-09-03 10:23:26,https://news.ycombinator.com/item?id=37371656,0.0
349,0,Geneticists develop novel base editors,0 days 08:36:23.041762,8h36m,0.0,2023-09-03 10:23:02,https://news.ycombinator.com/item?id=37371652,0.0
350,0,Human brain effects of DMT assessed via EEG-fMRI,0 days 08:36:50.186513,8h36m,0.0,2023-09-03 10:22:35,https://news.ycombinator.com/item?id=37371648,0.0
351,0,The Keanu Reeves Whoa API,0 days 08:40:41.467464,8h40m,0.0,2023-09-03 10:18:46,https://news.ycombinator.com/item?id=37371614,0.0
352,0,Wrapping Up the Westworld Series,0 days 08:40:53.604941,8h40m,0.0,2023-09-03 10:18:34,https://news.ycombinator.com/item?id=37371611,0.0
353,0,How to Become a Famous Philosopher,0 days 08:45:12.153494,8h45m,0.0,2023-09-03 10:14:16,https://news.ycombinator.com/item?id=37371580,0.0
354,0,Tens of thousands at Burning Man told to conserve water and food,0 days 08:47:48.245539,8h47m,0.0,2023-09-03 10:11:41,https://news.ycombinator.com/item?id=37371556,0.0
355,0,Burning Man flooding strands tens of thousands at Nevada site – 1 death,0 days 08:48:35.395263,8h48m,0.0,2023-09-03 10:10:54,https://news.ycombinator.com/item?id=37371546,0.0
356,0,That Creepy Feeling – What is it with Source games? [video],0 days 08:51:36.987903,8h51m,0.0,2023-09-03 10:08:32,https://news.ycombinator.com/item?id=37371527,0.0
357,0,Scroll Shadows with Animation-Timeline,0 days 08:53:31.536676,8h53m,0.0,2023-09-03 10:06:38,https://news.ycombinator.com/item?id=37371508,0.0
358,0,View of The effects of September 11 on the leading search engine (2001),0 days 08:55:45.091305,8h55m,0.0,2023-09-03 10:04:25,https://news.ycombinator.com/item?id=37371486,0.0
359,0,Waterloo robot aims to detect power outages before they happen,0 days 08:57:06.352120,8h57m,0.0,2023-09-03 10:03:28,https://news.ycombinator.com/item?id=37371473,0.0
360,0,First X-ray fluorescence chemical analysis of Pompeii Casts,0 days 08:57:19.496168,8h57m,0.0,2023-09-03 10:03:15,https://news.ycombinator.com/item?id=37371470,0.0
361,0,Scholz says nuclear energy issue 'a dead horse' for Germany,0 days 09:00:05.650423,9h0m,0.0,2023-09-03 10:00:29,https://news.ycombinator.com/item?id=37371444,0.0
362,0,Are your parkrun times getting slower? Just blame it on the economy,0 days 09:00:40.798022,9h0m,0.0,2023-09-03 09:59:54,https://news.ycombinator.com/item?id=37371436,0.0
363,0,5'-Ribonucleotides,0 days 09:04:48.266181,9h4m,0.0,2023-09-03 09:56:05,https://news.ycombinator.com/item?id=37371408,0.0
364,0,The Advantages of Flexible Typing,0 days 09:15:37.381680,9h15m,0.0,2023-09-03 09:45:20,https://news.ycombinator.com/item?id=37371308,0.0
365,0,Can anyone explain how $XRP is still in the top by market cap?,0 days 09:16:58.519482,9h16m,0.0,2023-09-03 09:43:59,https://news.ycombinator.com/item?id=37371299,0.0
366,0,Japan to conduct survey on closed-loop recycling,0 days 09:18:12.668316,9h18m,0.0,2023-09-03 09:42:45,https://news.ycombinator.com/item?id=37371285,0.0
367,0,HPy: A Better API for Python,0 days 09:19:36.823770,9h19m,0.0,2023-09-03 09:41:21,https://news.ycombinator.com/item?id=37371272,0.0
368,0,"Amid housing crisis, Quebec rejects cap on international students",0 days 09:24:50.000153,9h24m,0.0,2023-09-03 09:36:22,https://news.ycombinator.com/item?id=37371230,0.0
369,0,What Will Earth Look Like When These 6 Tipping Points Hit? [video],0 days 09:26:08.152788,9h26m,0.0,2023-09-03 09:35:04,https://news.ycombinator.com/item?id=37371220,0.0
370,0,Gantt Charts as Code with PlantUML,0 days 09:28:32.302117,9h28m,0.0,2023-09-03 09:32:40,https://news.ycombinator.com/item?id=37371194,0.0
371,0,In Praise of Shadows: A Prose Elegy (1955),0 days 09:29:09.829854,9h29m,0.0,2023-09-03 09:32:03,https://news.ycombinator.com/item?id=37371190,0.0
372,0,Mississippian Culture,0 days 09:40:03.482718,9h40m,0.0,2023-09-03 09:21:11,https://news.ycombinator.com/item?id=37371116,0.0
373,0,Setting the Record Straight,0 days 09:45:59.346108,9h45m,0.0,2023-09-03 09:16:32,https://news.ycombinator.com/item?id=37371080,0.0
374,0,What is the black affect video,0 days 09:48:20.909181,9h48m,0.0,2023-09-03 09:14:11,https://news.ycombinator.com/item?id=37371067,0.0
375,0,Show HN: RL from Scratch,0 days 09:51:16.479472,9h51m,0.0,2023-09-03 09:11:16,https://news.ycombinator.com/item?id=37371040,0.0
376,0,Plot twists: the rejected thesis of Kurt Vonnegut meets GPT-4,0 days 09:52:27.620341,9h52m,0.0,2023-09-03 09:10:05,https://news.ycombinator.com/item?id=37371032,0.0
377,0,Enhancing Chromium’s Memory Safety with Armv9,0 days 09:54:46.190194,9h54m,0.0,2023-09-03 09:07:57,https://news.ycombinator.com/item?id=37371016,0.0
378,0,How to size text using ems (2004),0 days 09:54:52.357972,9h54m,0.0,2023-09-03 09:07:51,https://news.ycombinator.com/item?id=37371015,0.0
379,0,An anonymous SMS sending tool with a WebGUI,0 days 09:55:56.519795,9h55m,0.0,2023-09-03 09:06:47,https://news.ycombinator.com/item?id=37371005,0.0
380,0,Huawei Mate60 Pro Unboxing and Hands On: Kirin 9000s Chipset – 5G and Satellite [video],0 days 10:01:28.886022,10h1m,0.0,2023-09-03 09:01:16,https://news.ycombinator.com/item?id=37370960,0.0
381,0,CFexpress 4.0 to Double Card Speed to 4 GB/S and Be Backward Compatible,0 days 10:02:17.030791,10h2m,0.0,2023-09-03 09:00:28,https://news.ycombinator.com/item?id=37370953,0.0
382,0,Evil Eyes and Tall Poppies,0 days 10:03:46.195346,10h3m,0.0,2023-09-03 08:58:59,https://news.ycombinator.com/item?id=37370943,0.0
383,0,Show HN: Quiz App API (Django Rest Framework),0 days 10:05:02.350807,10h5m,0.0,2023-09-03 08:57:43,https://news.ycombinator.com/item?id=37370937,0.0
384,0,"To influence policy, become an expert on specific and boring topics",0 days 10:06:20.098605,10h6m,0.0,2023-09-03 08:56:29,https://news.ycombinator.com/item?id=37370929,0.0
385,0,How soon AI will start firing programmers?,0 days 10:06:51.735370,10h6m,0.0,2023-09-03 08:55:58,https://news.ycombinator.com/item?id=37370921,0.0
386,0,Meta May Allow Instagram and Facebook Users in Europe to Pay to Avoid Ads,0 days 10:06:54.898284,10h6m,0.0,2023-09-03 08:55:55,https://news.ycombinator.com/item?id=37370920,0.0
387,0,Engineering Next-Generation Collaborative Vector Embeddings,0 days 10:08:17.038918,10h8m,0.0,2023-09-03 08:54:33,https://news.ycombinator.com/item?id=37370910,0.0
388,0,Harman How to Listen (2011),0 days 10:18:24.630472,10h18m,0.0,2023-09-03 08:46:48,https://news.ycombinator.com/item?id=37370855,0.0
389,0,Show HN: Mantella – Talk to AI-Powered NPCs in Skyrim,0 days 10:22:58.302597,10h22m,0.0,2023-09-03 08:42:16,https://news.ycombinator.com/item?id=37370815,0.0
390,0,Finland Government Has Admitted the Failure of Finland Education,0 days 10:23:06.471143,10h23m,0.0,2023-09-03 08:42:08,https://news.ycombinator.com/item?id=37370813,0.0
391,0,Glee for Ghost: Why we abandoned the Web Editor and Adopted Markdown Files,0 days 10:26:04.617774,10h26m,0.0,2023-09-03 08:39:10,https://news.ycombinator.com/item?id=37370792,0.0
392,0,Either in Functional Programming,0 days 10:28:35.945759,10h28m,0.0,2023-09-03 08:36:41,https://news.ycombinator.com/item?id=37370776,0.0
393,0,"SmashOrPassAI, a generative AI party game",0 days 10:30:05.481827,10h30m,0.0,2023-09-03 08:35:12,https://news.ycombinator.com/item?id=37370765,0.0
394,0,Drug-delivery implant thwarts scar tissue by being a moving target,0 days 10:31:26.258636,10h31m,0.0,2023-09-03 08:33:52,https://news.ycombinator.com/item?id=37370755,0.0
395,0,Git Cheat Sheets- Visual Aids,0 days 10:34:28.401323,10h34m,0.0,2023-09-03 08:30:50,https://news.ycombinator.com/item?id=37370732,0.0
396,0,The Absence of Proof,0 days 10:34:48.538428,10h34m,0.0,2023-09-03 08:30:30,https://news.ycombinator.com/item?id=37370728,0.0
397,0,Competition is for Losers with Peter Thiel (How to Start a Startup 2014: 5) [video],0 days 10:35:23.677912,10h35m,0.0,2023-09-03 08:29:55,https://news.ycombinator.com/item?id=37370720,0.0
398,0,Git Cheat Sheets- Visual Aids,0 days 10:37:37.816899,10h37m,0.0,2023-09-03 08:27:41,https://news.ycombinator.com/item?id=37370707,0.0
399,0,Ten Months and Thousands of Images Later: We Review the Fujifilm X-T5,0 days 10:38:00.969546,10h38m,0.0,2023-09-03 08:27:18,https://news.ycombinator.com/item?id=37370703,0.0
400,0,"Alkaline, Enabled by Quasco [video]",0 days 10:38:08.104823,10h38m,0.0,2023-09-03 08:27:11,https://news.ycombinator.com/item?id=37370702,0.0
401,0,Amiga Press in 2023: From Vultures to Vampires,0 days 10:38:43.259491,10h38m,0.0,2023-09-03 08:26:36,https://news.ycombinator.com/item?id=37370696,0.0
402,0,The Strength of Weak Ties: A Network Theory Revisited (1983),0 days 10:43:20.788344,10h43m,0.0,2023-09-03 08:21:59,https://news.ycombinator.com/item?id=37370664,0.0
403,0,Met police vows to combat protests against London’s Ulez rollout,0 days 10:45:08.339152,10h45m,0.0,2023-09-03 08:20:12,https://news.ycombinator.com/item?id=37370651,0.0
404,0,Exploring Generative AI,0 days 10:46:52.424142,10h46m,0.0,2023-09-03 08:18:29,https://news.ycombinator.com/item?id=37370631,0.0
405,0,Speculating on the Apple M2: Local Prediction,0 days 10:49:19.245391,10h49m,0.0,2023-09-03 08:16:06,https://news.ycombinator.com/item?id=37370608,0.0
406,0,Iomixer,0 days 10:50:06.383885,10h50m,0.0,2023-09-03 08:15:19,https://news.ycombinator.com/item?id=37370602,0.0
407,0,Are Collaboration Tools Overwhelming Your Team?,0 days 10:50:12.535309,10h50m,0.0,2023-09-03 08:15:13,https://news.ycombinator.com/item?id=37370600,0.0
408,0,Stem cells used to successfully treat arthritis in a gorilla for the first time,0 days 10:51:42.106156,10h51m,0.0,2023-09-03 08:13:44,https://news.ycombinator.com/item?id=37370590,0.0
409,0,"Hackers Target Telescopes, Forcing Them to Pause Operations",0 days 10:54:40.254287,10h54m,0.0,2023-09-03 08:10:46,https://news.ycombinator.com/item?id=37370566,0.0
410,0,How AI is gaining ground in simultaneous interpretation,0 days 10:56:59.399016,10h56m,0.0,2023-09-03 08:08:27,https://news.ycombinator.com/item?id=37370549,0.0
411,0,Dry Laid Stone - The Stone Trust Indoor Walling Center 2016 [video],0 days 10:58:36.564278,10h58m,0.0,2023-09-03 08:06:50,https://news.ycombinator.com/item?id=37370537,0.0
412,0,"Finnish-German startup launches quantum computer for universities, research labs",0 days 10:59:44.702730,10h59m,0.0,2023-09-03 08:05:42,https://news.ycombinator.com/item?id=37370529,0.0
413,0,More remote workers are willing to move in order to find affordable housing,0 days 11:01:39.280826,11h1m,0.0,2023-09-03 08:03:48,https://news.ycombinator.com/item?id=37370517,0.0
414,0,Half-life of spike protein in vaccinees,0 days 11:01:56.431693,11h1m,0.0,2023-09-03 08:03:31,https://news.ycombinator.com/item?id=37370512,0.0
415,0,Wayland on OpenBSD,0 days 11:04:24.578945,11h4m,0.0,2023-09-03 08:01:03,https://news.ycombinator.com/item?id=37370500,0.0
416,0,"Threats, insults, and Kremlin 'robots': How Russian diplomacy died under Putin",0 days 11:05:24.727947,11h5m,0.0,2023-09-03 08:00:03,https://news.ycombinator.com/item?id=37370495,0.0
417,0,An Algebraic Sketch of Poetic Form,0 days 11:05:30.876110,11h5m,0.0,2023-09-03 07:59:57,https://news.ycombinator.com/item?id=37370492,0.0
418,0,Intelligent vs. Smart,0 days 11:07:27.434515,11h7m,0.0,2023-09-03 07:58:01,https://news.ycombinator.com/item?id=37370475,0.0
419,0,"Tragedy strikes at Burning Man: death under investigation, thousands stranded",0 days 11:07:53.585956,11h7m,0.0,2023-09-03 07:57:35,https://news.ycombinator.com/item?id=37370471,0.0
420,0,The Slow Death of the Sun-Seeking Summer Vacation,0 days 11:09:17.739108,11h9m,0.0,2023-09-03 07:56:11,https://news.ycombinator.com/item?id=37370461,0.0
421,0,"Melaku Worede, crop genetics leader (1936–2023)",0 days 11:09:19.893996,11h9m,0.0,2023-09-03 07:56:09,https://news.ycombinator.com/item?id=37370459,0.0
422,0,Microsoft On the Issues: Russia’s African coup strategy,0 days 11:20:11.519289,11h20m,0.0,2023-09-03 07:45:41,https://news.ycombinator.com/item?id=37370386,0.0
423,0,Customise a USB numeric keypad under GNU/Linux,0 days 11:21:23.662298,11h21m,0.0,2023-09-03 07:44:29,https://news.ycombinator.com/item?id=37370381,0.0
424,0,Ligalio – Privacy Policy Generator for Websites and Apps,0 days 11:22:55.810126,11h22m,0.0,2023-09-03 07:42:57,https://news.ycombinator.com/item?id=37370369,0.0
425,0,The Amiga. It's More Than Just Games,0 days 11:24:08.956109,11h24m,0.0,2023-09-03 07:41:44,https://news.ycombinator.com/item?id=37370359,0.0
426,0,Quake 2 port for Apple Watch,0 days 11:25:08.106351,11h25m,0.0,2023-09-03 07:40:45,https://news.ycombinator.com/item?id=37370353,0.0
427,0,The History of Windows 95,0 days 11:35:50.248780,11h35m,0.0,2023-09-03 07:30:03,https://news.ycombinator.com/item?id=37370277,0.0
428,0,SRE Stories,0 days 11:35:51.398863,11h35m,0.0,2023-09-03 07:30:02,https://news.ycombinator.com/item?id=37370276,0.0
429,0,Factorio's Smarter Robots,0 days 11:35:54.545561,11h35m,0.0,2023-09-03 07:29:59,https://news.ycombinator.com/item?id=37370275,0.0
430,0,RecRec: Algorithmic Recourse for Recommender Systems,0 days 11:36:04.692474,11h36m,0.0,2023-09-03 07:29:49,https://news.ycombinator.com/item?id=37370273,0.0
431,0,Germany wants to boost the use of geothermal energy,0 days 11:41:28.494144,11h41m,0.0,2023-09-03 07:24:32,https://news.ycombinator.com/item?id=37370228,0.0
432,0,Breaking SecuROM 7 – A Dissection,0 days 11:42:57.035242,11h42m,0.0,2023-09-03 07:23:04,https://news.ycombinator.com/item?id=37370211,0.0
433,0,Simulating Gravity Lensing,0 days 11:46:04.597403,11h46m,0.0,2023-09-03 07:19:57,https://news.ycombinator.com/item?id=37370191,0.0
434,0,The New CSS Math: Round(),0 days 11:54:40.782199,11h54m,0.0,2023-09-03 07:12:15,https://news.ycombinator.com/item?id=37370142,0.0
435,0,"Let’s Make a Rubber Button with HTML, CSS and SVG",0 days 11:55:11.137419,11h55m,0.0,2023-09-03 07:11:45,https://news.ycombinator.com/item?id=37370134,0.0
436,0,The Suidperl Story,0 days 11:57:08.275574,11h57m,0.0,2023-09-03 07:09:48,https://news.ycombinator.com/item?id=37370120,0.0
437,0,"The Transformative, Alarming Power of Gene Editing",0 days 11:57:42.413579,11h57m,0.0,2023-09-03 07:09:14,https://news.ycombinator.com/item?id=37370115,0.0
438,0,Using the Interstate Commerce Clause to Restrict Intrastate Commerce,0 days 11:58:46.947802,11h58m,0.0,2023-09-03 07:08:10,https://news.ycombinator.com/item?id=37370108,0.0
439,0,Show HN: Useful Bash tool: Smart directories navigator,0 days 12:08:15.092361,12h8m,0.0,2023-09-03 06:58:42,https://news.ycombinator.com/item?id=37370052,0.0
440,0,Ongoing Chialisp Development,0 days 12:08:35.237670,12h8m,0.0,2023-09-03 06:58:22,https://news.ycombinator.com/item?id=37370051,0.0
441,0,Digital Show and Tell: Analysing digital audio processing [video],0 days 12:08:59.376301,12h8m,0.0,2023-09-03 06:57:58,https://news.ycombinator.com/item?id=37370046,0.0
442,0,OpenGOAL Progress Report – August 2023,0 days 12:12:59.513775,12h12m,0.0,2023-09-03 06:53:58,https://news.ycombinator.com/item?id=37370023,0.0
443,0,The endless battle to banish the most notorious stalker website,0 days 12:22:35.050763,12h22m,0.0,2023-09-03 06:44:23,https://news.ycombinator.com/item?id=37369980,0.0
444,0,The Lost Bass project: The search for Paul McCartney’s original Höfner bass,0 days 12:30:38.080287,12h30m,0.0,2023-09-03 06:36:39,https://news.ycombinator.com/item?id=37369931,0.0
445,0,Show HN: Oxlip – a functional IDL compiling to OpenAPI,0 days 12:31:14.232277,12h31m,0.0,2023-09-03 06:36:03,https://news.ycombinator.com/item?id=37369924,0.0
446,0,The United States of Japan (2018),0 days 12:32:24.386673,12h32m,0.0,2023-09-03 06:34:53,https://news.ycombinator.com/item?id=37369915,0.0
447,0,The Guidance Notes on the Cooperative Principles (2017),0 days 12:32:32.542589,12h32m,0.0,2023-09-03 06:34:45,https://news.ycombinator.com/item?id=37369911,0.0
448,0,"Ear Training – How to Recognize Notes, Scales, Chords and More [video]",0 days 12:32:58.683462,12h32m,0.0,2023-09-03 06:34:19,https://news.ycombinator.com/item?id=37369907,0.0
449,0,Richard Watkins Horological Books,0 days 12:34:09.824635,12h34m,0.0,2023-09-03 06:33:08,https://news.ycombinator.com/item?id=37369902,0.0
450,0,Researchers propose using pulsars to localize gravitational wave sources,0 days 12:35:48.966077,12h35m,0.0,2023-09-03 06:31:29,https://news.ycombinator.com/item?id=37369894,0.0
451,0,Local RSS aggregator with optional AI summarisation,0 days 12:38:09.497437,12h38m,0.0,2023-09-03 06:29:09,https://news.ycombinator.com/item?id=37369879,0.0
452,0,Psilocybin's Fight Against Depression,0 days 12:43:12.384639,12h43m,0.0,2023-09-03 06:24:08,https://news.ycombinator.com/item?id=37369838,0.0
453,0,Why Henry Ford Imported a Cotswold Cottage to Michigan,0 days 12:45:26.053362,12h45m,0.0,2023-09-03 06:22:12,https://news.ycombinator.com/item?id=37369822,0.0
454,0,9/11 fifty years ago and its ongoing legacy,0 days 12:48:01.248051,12h48m,0.0,2023-09-03 06:19:38,https://news.ycombinator.com/item?id=37369805,0.0
455,0,"Medical School 2020, Year 4, Week 12-24 (Interview Trail)",0 days 12:51:15.400223,12h51m,0.0,2023-09-03 06:16:24,https://news.ycombinator.com/item?id=37369787,0.0
456,0,Amazon Kindle for Mac is being discontinued in October 2023,0 days 12:59:39.084233,12h59m,0.0,2023-09-03 06:08:03,https://news.ycombinator.com/item?id=37369736,0.0
457,0,Do we think about vector dbs wrong?,0 days 13:00:36.236133,13h0m,0.0,2023-09-03 06:07:06,https://news.ycombinator.com/item?id=37369732,0.0
458,0,Tarantulas and Their Pet Frogs Offer a Unique Look at Animal Friendship,0 days 13:12:22.027921,13h12m,0.0,2023-09-03 05:55:21,https://news.ycombinator.com/item?id=37369675,0.0
459,0,Bombyx Mori,0 days 13:14:35.172536,13h14m,0.0,2023-09-03 05:53:08,https://news.ycombinator.com/item?id=37369662,0.0
460,0,Ukraine’s Aim-9M Sidewinders Can Be Used in Multiple Ways,0 days 13:15:12.698798,13h15m,0.0,2023-09-03 05:52:31,https://news.ycombinator.com/item?id=37369656,0.0
461,0,August 2023 Retrospective of a Programmer in Berlin,0 days 13:24:43.279954,13h24m,0.0,2023-09-03 05:43:01,https://news.ycombinator.com/item?id=37369597,0.0
462,0,"Overpass turbo, a web-based data filtering tool for OpenStreetMap",0 days 13:28:13.077782,13h28m,0.0,2023-09-03 05:39:42,https://news.ycombinator.com/item?id=37369581,0.0
463,0,Proof Gallery,0 days 13:36:04.224490,13h36m,0.0,2023-09-03 05:31:51,https://news.ycombinator.com/item?id=37369547,0.0
464,0,Greg's Slide Rules – Pickett N4-ES,0 days 13:38:03.387072,13h38m,0.0,2023-09-03 05:29:52,https://news.ycombinator.com/item?id=37369534,0.0
465,0,How to Get into Film Photography (and Why You Should),0 days 13:48:01.566530,13h48m,0.0,2023-09-03 05:20:11,https://news.ycombinator.com/item?id=37369490,0.0
466,0,Curry’s Paradox,0 days 13:48:04.720030,13h48m,0.0,2023-09-03 05:20:08,https://news.ycombinator.com/item?id=37369489,0.0
467,0,Taking the Measure of the Earthquake That Destroyed Tokyo,0 days 13:50:18.921475,13h50m,0.0,2023-09-03 05:17:54,https://news.ycombinator.com/item?id=37369473,0.0
468,0,19th-century shipwreck discovered in Lake Michigan,0 days 13:54:41.737392,13h54m,0.0,2023-09-03 05:13:32,https://news.ycombinator.com/item?id=37369450,0.0
469,0,The Hungry Caterpillar and the Ecosystem,0 days 13:55:40.884315,13h55m,0.0,2023-09-03 05:12:33,https://news.ycombinator.com/item?id=37369446,0.0
470,0,The Social Life of Bats,0 days 13:56:19.667383,13h56m,0.0,2023-09-03 05:11:55,https://news.ycombinator.com/item?id=37369440,0.0
471,0,Just Build It,0 days 14:00:10.823588,14h0m,0.0,2023-09-03 05:08:04,https://news.ycombinator.com/item?id=37369416,0.0
472,0,Magic Leap AR will cease to function,0 days 14:00:49.969760,14h0m,0.0,2023-09-03 05:07:25,https://news.ycombinator.com/item?id=37369411,0.0
473,0,Okta discloses some customer network breaches,0 days 14:03:13.572032,14h3m,0.0,2023-09-03 05:05:03,https://news.ycombinator.com/item?id=37369401,0.0
474,0,Halloween Problem,0 days 14:05:05.720445,14h5m,0.0,2023-09-03 05:03:11,https://news.ycombinator.com/item?id=37369391,0.0
475,0,Chat Plugins with AI Agents for Startups and Small Businesses,0 days 14:06:14.872030,14h6m,0.0,2023-09-03 05:02:02,https://news.ycombinator.com/item?id=37369385,0.0
476,0,A simple CPU test for Llama.cpp,0 days 14:19:13.399585,14h19m,0.0,2023-09-03 04:49:04,https://news.ycombinator.com/item?id=37369326,0.0
477,0,Bforartists 3 – Version 3.6.2 Officially Released,0 days 14:22:25.548649,14h22m,0.0,2023-09-03 04:45:52,https://news.ycombinator.com/item?id=37369314,0.0
478,0,QBittorrent Web UI Exploited to Mine Cryptocurrency,0 days 14:24:25.692244,14h24m,0.0,2023-09-03 04:43:52,https://news.ycombinator.com/item?id=37369304,0.0
479,0,More travel chaos after 300k hit by cancellations,0 days 14:26:44.263883,14h26m,0.0,2023-09-03 04:41:34,https://news.ycombinator.com/item?id=37369287,0.0
480,0,"What's up Python? New packaging proposal, Python in Excel, a piano in the shell",0 days 14:29:55.420483,14h29m,0.0,2023-09-03 04:38:23,https://news.ycombinator.com/item?id=37369273,0.0
481,0,Melisa Raouf: Going make-up free in the Miss England final,0 days 14:34:37.201692,14h34m,0.0,2023-09-03 04:33:42,https://news.ycombinator.com/item?id=37369252,0.0
482,0,Kimilsungism–Kimjongilism,0 days 14:34:40.353977,14h34m,0.0,2023-09-03 04:33:39,https://news.ycombinator.com/item?id=37369251,0.0
483,0,E2EE messenger for who want absolute privacy and freedom from any surveillance,0 days 14:45:39.969224,14h45m,0.0,2023-09-03 04:22:40,https://news.ycombinator.com/item?id=37369206,0.0
484,0,My custom Tesco Clubcard pkpass,0 days 14:47:31.129616,14h47m,0.0,2023-09-03 04:20:49,https://news.ycombinator.com/item?id=37369202,0.0
485,0,Open source screw counting machine,0 days 14:49:18.514359,14h49m,0.0,2023-09-03 04:19:03,https://news.ycombinator.com/item?id=37369193,0.0
486,0,Show HN: Learn Python’s more advanced features by tinkering with demo snippets,0 days 14:50:29.687440,14h50m,0.0,2023-09-03 04:17:52,https://news.ycombinator.com/item?id=37369189,0.0
487,0,The Killer in Suite 104,0 days 14:54:09.914566,14h54m,0.0,2023-09-03 04:14:13,https://news.ycombinator.com/item?id=37369171,0.0
488,0,To Boldly Go: Navigating Life with the Wisdom of Starfleet Captains,0 days 15:02:19.871265,15h2m,0.0,2023-09-03 04:06:07,https://news.ycombinator.com/item?id=37369141,0.0
489,0,Comic Factory – Comic Generation using Llama 2 and Stable Diffusion,0 days 15:04:00.033446,15h4m,0.0,2023-09-03 04:04:27,https://news.ycombinator.com/item?id=37369130,0.0
490,0,Why I Quit Bridge and Why I Came Back,0 days 15:21:14.613237,15h21m,0.0,2023-09-03 03:47:13,https://news.ycombinator.com/item?id=37369055,0.0
491,0,Amazon truck your piles of data to the cloud with Snowmobile,0 days 15:24:10.176857,15h24m,0.0,2023-09-03 03:44:18,https://news.ycombinator.com/item?id=37369039,0.0
492,0,Journey to the Cloud Part I: Migrating Stack Overflow Teams to Azure,0 days 15:30:48.332158,15h30m,0.0,2023-09-03 03:37:40,https://news.ycombinator.com/item?id=37369012,0.0
493,0,List of Government Space Agencies,0 days 15:39:31.155512,15h39m,0.0,2023-09-03 03:29:12,https://news.ycombinator.com/item?id=37368971,0.0
494,0,My Hunt for the Loch Ness Monster,0 days 15:42:05.305552,15h42m,0.0,2023-09-03 03:26:38,https://news.ycombinator.com/item?id=37368963,0.0
495,0,Ostriches Are So Horny for Humans It Interferes with Their Mating,0 days 15:46:57.446114,15h46m,0.0,2023-09-03 03:21:46,https://news.ycombinator.com/item?id=37368940,0.0
496,0,OWASP Kubernetes Top Ten,0 days 16:06:33.483866,16h6m,0.0,2023-09-03 03:02:39,https://news.ycombinator.com/item?id=37368877,0.0
497,0,Event-Driven Architecture: A Beginner's Guide for Cloud Native Developers,0 days 16:08:55.626303,16h8m,0.0,2023-09-03 03:00:17,https://news.ycombinator.com/item?id=37368869,0.0
498,0,"Show HN: FastMJPG, low latency capture, transfer, record, pipe, and view",0 days 16:15:55.163912,16h15m,0.0,2023-09-03 02:53:20,https://news.ycombinator.com/item?id=37368840,0.0
499,0,Why are GPUs well-suited for Deep Learning?,0 days 16:19:19.301337,16h19m,0.0,2023-09-03 02:49:56,https://news.ycombinator.com/item?id=37368826,0.0
